CUS_CUST_ID,WAREHOUSE_ID,INVENTORY_ID,MIN_APPOINTMENT_DATETIME_TZ,MIN_ARRIVAL_DATETIME_TZ,LAST_INB_STATUS
S096,WH08,INV0001,2024-01-15 12:00:00,2024-01-15 11:49:00,delivered
S048,WH04,INV0002,2024-01-18 09:00:00,2024-01-18 09:17:00,delivered
S002,WH01,INV0003,2024-01-17 11:00:00,2024-01-17 11:04:00,delivered
S086,WH07,INV0004,2024-02-01 11:00:00,2024-02-01 11:59:00,delivered
S078,WH05,INV0005,2024-01-28 11:30:00,2024-01-28 11:23:00,delivered
S096,WH08,INV0006,2024-01-20 14:30:00,2024-01-20 14:19:00,delivered
S014,WH02,INV0007,2024-01-25 09:30:00,2024-01-25 09:20:00,in_progress
S025,WH01,INV0008,2024-01-18 13:30:00,2024-01-18 15:47:00,delivered
S017,WH04,INV0009,2024-01-16 15:00:00,2024-01-16 15:39:00,delivered
S006,WH02,INV0010,2024-02-01 12:30:00,2024-02-01 14:49:00,delivered
S057,WH01,INV0011,2024-01-26 11:00:00,2024-01-26 11:17:00,delivered
S043,WH02,INV0012,2024-01-22 12:30:00,2024-01-22 15:19:00,delivered
S068,WH06,INV0013,2024-01-18 14:00:00,2024-01-18 14:05:00,delivered
S054,WH04,INV0014,2024-01-26 10:30:00,2024-01-26 10:21:00,delivered
S043,WH01,INV0015,2024-01-23 09:00:00,2024-01-23 09:25:00,delivered
S035,WH01,INV0016,2024-01-22 10:30:00,2024-01-22 10:23:00,delivered
S094,WH07,INV0017,2024-01-22 13:00:00,2024-01-22 15:39:00,delivered
S062,WH06,INV0018,2024-01-22 08:30:00,2024-01-22 11:50:00,delayed
S026,WH01,INV0019,2024-01-23 09:00:00,2024-01-23 09:15:00,delivered
S037,WH03,INV0020,2024-01-25 11:00:00,2024-01-25 11:40:00,delivered
S057,WH03,INV0021,2024-01-29 10:00:00,2024-01-29 09:52:00,delivered
S094,WH07,INV0022,2024-02-01 12:00:00,2024-02-01 12:42:00,delivered
S079,WH05,INV0023,2024-01-27 13:30:00,2024-01-27 13:19:00,delivered
S033,WH04,INV0024,2024-01-30 09:00:00,2024-01-30 09:22:00,delivered
S010,WH01,INV0025,2024-01-20 14:30:00,2024-01-20 15:09:00,delivered
S073,WH06,INV0026,2024-01-29 16:00:00,2024-01-29 19:04:00,delayed
S094,WH07,INV0027,2024-01-15 09:30:00,2024-01-15 14:24:00,delayed
S094,WH07,INV0028,2024-01-23 13:00:00,2024-01-23 12:58:00,delivered
S011,WH01,INV0029,2024-01-29 08:00:00,2024-01-29 10:52:00,delivered
S047,WH02,INV0030,2024-01-23 16:00:00,2024-01-23 16:47:00,delivered
S059,WH02,INV0031,2024-01-18 12:30:00,2024-01-18 14:34:00,delivered
S039,WH02,INV0032,2024-01-21 10:00:00,2024-01-21 10:08:00,in_progress
S049,WH04,INV0033,2024-01-20 16:00:00,2024-01-20 18:16:00,delivered
S071,WH06,INV0034,2024-01-30 08:00:00,2024-01-30 07:56:00,delivered
S098,WH08,INV0035,2024-01-22 08:30:00,2024-01-22 08:33:00,delivered
S006,WH01,INV0036,2024-01-17 15:30:00,2024-01-17 15:19:00,in_progress
S085,WH06,INV0037,2024-02-01 10:00:00,2024-02-01 10:00:00,delivered
S078,WH05,INV0038,2024-01-20 12:00:00,2024-01-20 12:53:00,delivered
S028,WH01,INV0039,2024-01-21 11:00:00,2024-01-21 11:30:00,in_progress
S020,WH01,INV0040,2024-01-27 13:30:00,2024-01-27 13:31:00,delivered
S075,WH05,INV0041,2024-01-18 11:30:00,2024-01-18 11:22:00,cancelled
S005,WH01,INV0042,2024-01-25 08:00:00,2024-01-25 08:29:00,delivered
S038,WH02,INV0043,2024-01-22 08:00:00,2024-01-22 08:05:00,delivered
S062,WH05,INV0044,2024-01-22 09:00:00,2024-01-22 11:50:00,delivered
S022,WH03,INV0045,2024-01-17 16:00:00,2024-01-17 15:52:00,cancelled
S069,WH05,INV0046,2024-01-30 11:00:00,2024-01-30 11:51:00,delivered
S037,WH04,INV0047,2024-01-30 11:30:00,2024-01-30 11:45:00,in_progress
S052,WH03,INV0048,2024-01-28 11:00:00,2024-01-28 10:51:00,in_progress
S007,WH03,INV0049,2024-01-28 13:30:00,2024-01-28 13:29:00,delivered
S056,WH01,INV0050,2024-01-16 09:30:00,2024-01-16 09:38:00,delivered
S071,WH05,INV0051,2024-01-18 11:30:00,2024-01-18 11:32:00,delivered
S029,WH04,INV0052,2024-01-19 14:30:00,2024-01-19 14:29:00,delivered
S016,WH02,INV0053,2024-01-17 15:00:00,2024-01-17 15:10:00,cancelled
S078,WH06,INV0054,2024-01-18 08:30:00,2024-01-18 09:19:00,delivered
S054,WH01,INV0055,2024-01-15 09:00:00,2024-01-15 11:48:00,delivered
S016,WH01,INV0056,2024-01-20 14:30:00,2024-01-20 14:21:00,delivered
S073,WH06,INV0057,2024-01-16 10:30:00,2024-01-16 10:27:00,cancelled
S086,WH07,INV0058,2024-01-27 12:00:00,2024-01-27 14:40:00,delivered
S030,WH01,INV0059,2024-01-24 14:30:00,2024-01-24 14:59:00,in_progress
S047,WH04,INV0060,2024-02-01 15:30:00,2024-02-01 15:19:00,cancelled
S089,WH07,INV0061,2024-01-24 11:00:00,2024-01-24 10:48:00,in_progress
S038,WH01,INV0062,2024-02-01 08:30:00,2024-02-01 08:48:00,delivered
S004,WH03,INV0063,2024-02-02 15:30:00,2024-02-02 16:18:00,delivered
S088,WH07,INV0064,2024-01-16 16:00:00,2024-01-16 15:50:00,in_progress
S055,WH04,INV0065,2024-01-20 09:00:00,2024-01-20 09:58:00,delivered
S056,WH02,INV0066,2024-01-22 14:00:00,2024-01-22 14:13:00,delivered
S037,WH02,INV0067,2024-01-22 08:30:00,2024-01-22 09:11:00,delivered
S043,WH02,INV0068,2024-02-02 16:00:00,2024-02-02 19:20:00,delayed
S069,WH05,INV0069,2024-01-21 13:00:00,2024-01-21 12:57:00,delivered
S097,WH08,INV0070,2024-01-24 15:00:00,2024-01-24 15:09:00,delivered
S060,WH02,INV0071,2024-01-17 08:00:00,2024-01-17 11:57:00,delayed
S040,WH02,INV0072,2024-02-02 09:30:00,2024-02-02 09:21:00,delivered
S033,WH01,INV0073,2024-01-23 10:00:00,2024-01-23 12:52:00,delivered
S005,WH04,INV0074,2024-01-22 13:30:00,2024-01-22 13:29:00,delivered
S054,WH02,INV0075,2024-02-01 12:30:00,2024-02-01 13:26:00,delivered
S034,WH02,INV0076,2024-01-15 12:30:00,2024-01-15 12:44:00,cancelled
S043,WH03,INV0077,2024-01-18 10:00:00,2024-01-18 10:13:00,delivered
S007,WH02,INV0078,2024-02-01 10:00:00,2024-02-01 09:53:00,scheduled
S070,WH06,INV0079,2024-01-21 13:00:00,2024-01-21 13:05:00,delivered
S069,WH05,INV0080,2024-01-31 15:30:00,2024-01-31 15:44:00,delivered
S062,WH05,INV0081,2024-01-17 14:30:00,2024-01-17 15:35:00,delivered
S001,WH04,INV0082,2024-01-25 10:00:00,2024-01-25 10:31:00,delivered
S066,WH06,INV0083,2024-01-29 14:30:00,2024-01-29 14:52:00,delivered
S005,WH01,INV0084,2024-01-19 08:30:00,2024-01-19 10:44:00,delivered
S036,WH04,INV0085,2024-01-19 14:30:00,2024-01-19 14:24:00,delivered
S024,WH01,INV0086,2024-01-16 13:30:00,2024-01-16 13:22:00,delivered
S043,WH02,INV0087,2024-01-18 13:30:00,2024-01-18 14:11:00,delivered
S040,WH01,INV0088,2024-01-19 11:30:00,2024-01-19 14:12:00,delivered
S052,WH03,INV0089,2024-01-20 14:30:00,2024-01-20 14:38:00,delivered
S060,WH01,INV0090,2024-01-25 14:30:00,2024-01-25 19:21:00,delayed
S056,WH01,INV0091,2024-01-22 12:00:00,2024-01-22 12:07:00,delivered
S087,WH07,INV0092,2024-01-27 08:30:00,2024-01-27 08:42:00,cancelled
S076,WH05,INV0093,2024-01-22 11:00:00,2024-01-22 12:58:00,delivered
S023,WH04,INV0094,2024-01-24 11:30:00,2024-01-24 11:29:00,in_progress
S002,WH02,INV0095,2024-01-21 14:00:00,2024-01-21 14:12:00,delivered
S087,WH07,INV0096,2024-01-23 13:30:00,2024-01-23 14:10:00,delivered
S082,WH05,INV0097,2024-02-01 13:00:00,2024-02-01 13:15:00,cancelled
S002,WH02,INV0098,2024-01-18 12:00:00,2024-01-18 12:15:00,delivered
S090,WH07,INV0099,2024-01-16 09:30:00,2024-01-16 10:07:00,delivered
S084,WH06,INV0100,2024-01-25 14:30:00,2024-01-25 14:34:00,cancelled
S033,WH01,INV0101,2024-01-18 14:00:00,2024-01-18 15:24:00,delivered
S090,WH07,INV0102,2024-01-16 14:30:00,2024-01-16 14:44:00,delivered
S052,WH01,INV0103,2024-02-01 11:00:00,2024-02-01 10:47:00,delivered
S082,WH05,INV0104,2024-01-25 13:00:00,2024-01-25 13:22:00,delivered
S047,WH01,INV0105,2024-01-24 16:00:00,2024-01-24 15:58:00,delivered
S071,WH05,INV0106,2024-01-27 12:30:00,2024-01-27 12:57:00,delivered
S027,WH02,INV0107,2024-01-27 10:30:00,2024-01-27 11:04:00,delivered
S026,WH02,INV0108,2024-02-01 08:00:00,2024-02-01 07:51:00,delivered
S074,WH05,INV0109,2024-02-02 13:00:00,2024-02-02 12:59:00,delivered
S082,WH06,INV0110,2024-01-21 16:00:00,2024-01-21 16:13:00,delivered
S051,WH04,INV0111,2024-01-20 09:00:00,2024-01-20 09:06:00,delivered
S041,WH02,INV0112,2024-01-25 09:00:00,2024-01-25 11:36:00,delivered
S016,WH02,INV0113,2024-01-24 11:30:00,2024-01-24 12:48:00,delivered
S002,WH03,INV0114,2024-01-16 11:30:00,2024-01-16 15:31:00,delayed
S080,WH05,INV0115,2024-01-17 15:00:00,2024-01-17 14:58:00,cancelled
S057,WH04,INV0116,2024-02-02 11:00:00,2024-02-02 11:30:00,in_progress
S045,WH03,INV0117,2024-01-27 15:30:00,2024-01-27 15:19:00,delivered
S081,WH05,INV0118,2024-01-15 09:30:00,2024-01-15 09:59:00,delivered
S012,WH01,INV0119,2024-01-31 15:00:00,2024-01-31 14:52:00,delivered
S059,WH01,INV0120,2024-01-18 15:00:00,2024-01-18 14:59:00,delivered
S100,WH08,INV0121,2024-02-01 13:00:00,2024-02-01 16:53:00,delayed
S040,WH02,INV0122,2024-01-31 14:30:00,2024-01-31 14:41:00,cancelled
S094,WH07,INV0123,2024-01-29 10:30:00,2024-01-29 11:15:00,delivered
S099,WH08,INV0124,2024-01-23 11:30:00,2024-01-23 13:05:00,delivered
S094,WH07,INV0125,2024-01-30 11:30:00,2024-01-30 14:40:00,delayed
S029,WH03,INV0126,2024-01-17 12:30:00,2024-01-17 12:25:00,delivered
S021,WH02,INV0127,2024-02-01 09:00:00,2024-02-01 08:49:00,cancelled
S010,WH04,INV0128,2024-01-22 14:00:00,2024-01-22 15:00:00,delivered
S067,WH05,INV0129,2024-01-17 14:30:00,2024-01-17 18:14:00,delayed
S022,WH01,INV0130,2024-02-01 15:00:00,2024-02-01 14:51:00,delivered
S099,WH08,INV0131,2024-01-27 08:00:00,2024-01-27 10:37:00,delivered
S037,WH04,INV0132,2024-01-27 15:30:00,2024-01-27 15:26:00,delivered
S070,WH05,INV0133,2024-01-27 14:30:00,2024-01-27 14:32:00,cancelled
S084,WH05,INV0134,2024-02-01 11:30:00,2024-02-01 11:23:00,delivered
S028,WH02,INV0135,2024-01-30 08:00:00,2024-01-30 08:06:00,delivered
S082,WH06,INV0136,2024-01-27 10:30:00,2024-01-27 10:44:00,in_progress
S088,WH07,INV0137,2024-02-01 08:00:00,2024-02-01 08:14:00,cancelled
S026,WH04,INV0138,2024-02-02 08:00:00,2024-02-02 07:58:00,delivered
S065,WH05,INV0139,2024-01-29 10:30:00,2024-01-29 10:18:00,in_progress
S069,WH06,INV0140,2024-01-27 13:00:00,2024-01-27 12:55:00,delivered
S022,WH02,INV0141,2024-01-27 12:00:00,2024-01-27 12:09:00,cancelled
S054,WH01,INV0142,2024-01-28 12:00:00,2024-01-28 14:00:00,delivered
S002,WH01,INV0143,2024-02-01 08:30:00,2024-02-01 10:14:00,delivered
S015,WH04,INV0144,2024-01-17 08:30:00,2024-01-17 09:00:00,delivered
S013,WH04,INV0145,2024-01-15 10:00:00,2024-01-15 10:00:00,delivered
S043,WH01,INV0146,2024-01-18 11:00:00,2024-01-18 10:53:00,delivered
S050,WH02,INV0147,2024-01-26 10:30:00,2024-01-26 10:53:00,in_progress
S039,WH04,INV0148,2024-01-18 10:30:00,2024-01-18 11:43:00,delivered
S038,WH02,INV0149,2024-01-15 12:30:00,2024-01-15 12:51:00,in_progress
S044,WH01,INV0150,2024-01-27 14:00:00,2024-01-27 15:25:00,delivered
S005,WH04,INV0151,2024-02-02 11:30:00,2024-02-02 11:39:00,delivered
S070,WH05,INV0152,2024-01-18 08:30:00,2024-01-18 08:28:00,delivered
S098,WH08,INV0153,2024-01-17 16:00:00,2024-01-17 16:15:00,delivered
S055,WH02,INV0154,2024-01-28 15:30:00,2024-01-28 15:45:00,delivered
S024,WH02,INV0155,2024-01-29 10:00:00,2024-01-29 10:12:00,in_progress
S012,WH01,INV0156,2024-01-31 12:00:00,2024-01-31 12:49:00,delivered
S099,WH08,INV0157,2024-01-29 14:30:00,2024-01-29 16:45:00,delivered
S069,WH05,INV0158,2024-01-25 11:30:00,2024-01-25 11:20:00,in_progress
S018,WH01,INV0159,2024-01-29 11:30:00,2024-01-29 12:21:00,delivered
S040,WH02,INV0160,2024-01-27 13:00:00,2024-01-27 13:12:00,delivered
S071,WH05,INV0161,2024-01-20 15:30:00,2024-01-20 15:40:00,delivered
S017,WH02,INV0162,2024-01-25 12:00:00,2024-01-25 14:29:00,delivered
S069,WH05,INV0163,2024-02-01 08:00:00,2024-02-01 12:12:00,delayed
S067,WH05,INV0164,2024-01-17 11:30:00,2024-01-17 12:16:00,delivered
S036,WH02,INV0165,2024-01-22 15:30:00,2024-01-22 16:16:00,delivered
S075,WH06,INV0166,2024-01-15 09:00:00,2024-01-15 08:57:00,delivered
S045,WH01,INV0167,2024-01-22 12:30:00,2024-01-22 13:08:00,delivered
S031,WH01,INV0168,2024-02-01 16:00:00,2024-02-01 16:08:00,delivered
S078,WH05,INV0169,2024-01-25 13:30:00,2024-01-25 13:37:00,cancelled
S030,WH01,INV0170,2024-01-23 12:30:00,2024-01-23 12:18:00,delivered
S047,WH03,INV0171,2024-01-21 13:00:00,2024-01-21 13:02:00,delivered
S049,WH03,INV0172,2024-01-20 11:00:00,2024-01-20 11:00:00,delivered
S069,WH05,INV0173,2024-02-02 16:00:00,2024-02-02 16:21:00,delivered
S054,WH01,INV0174,2024-01-21 12:30:00,2024-01-21 12:20:00,delivered
S070,WH05,INV0175,2024-01-15 10:00:00,2024-01-15 09:46:00,delivered
S094,WH07,INV0176,2024-01-24 10:00:00,2024-01-24 10:46:00,delivered
S007,WH01,INV0177,2024-01-15 12:30:00,2024-01-15 12:29:00,delivered
S071,WH05,INV0178,2024-01-20 08:30:00,2024-01-20 08:42:00,delivered
S031,WH04,INV0179,2024-01-18 09:00:00,2024-01-18 08:47:00,delivered
S037,WH04,INV0180,2024-01-16 10:00:00,2024-01-16 12:38:00,delayed
S079,WH05,INV0181,2024-01-24 09:00:00,2024-01-24 10:15:00,delivered
S036,WH04,INV0182,2024-01-28 11:30:00,2024-01-28 12:09:00,delivered
S029,WH03,INV0183,2024-01-29 12:30:00,2024-01-29 17:00:00,delayed
S092,WH07,INV0184,2024-01-24 08:30:00,2024-01-24 13:06:00,delayed
S048,WH01,INV0185,2024-01-18 11:00:00,2024-01-18 11:31:00,delivered
S043,WH01,INV0186,2024-01-17 10:30:00,2024-01-17 10:32:00,delivered
S063,WH05,INV0187,2024-01-20 08:00:00,2024-01-20 08:07:00,delivered
S039,WH02,INV0188,2024-01-30 12:30:00,2024-01-30 12:24:00,delivered
S046,WH01,INV0189,2024-01-24 15:00:00,2024-01-24 14:49:00,in_progress
S044,WH02,INV0190,2024-01-22 12:00:00,2024-01-22 12:25:00,in_progress
S079,WH05,INV0191,2024-01-21 14:30:00,2024-01-21 14:22:00,delivered
S088,WH07,INV0192,2024-01-23 10:00:00,2024-01-23 09:50:00,delivered
S070,WH06,INV0193,2024-02-02 12:30:00,2024-02-02 12:29:00,delivered
S045,WH01,INV0194,2024-01-24 14:00:00,2024-01-24 16:04:00,delivered
S078,WH06,INV0195,2024-01-30 15:00:00,2024-01-30 14:50:00,in_progress
S039,WH03,INV0196,2024-01-16 14:30:00,2024-01-16 14:38:00,scheduled
S071,WH06,INV0197,2024-01-23 08:00:00,2024-01-23 08:15:00,delivered
S095,WH07,INV0198,2024-02-02 08:00:00,2024-02-02 10:26:00,delivered
S053,WH03,INV0199,2024-01-23 08:30:00,2024-01-23 08:39:00,cancelled
S085,WH06,INV0200,2024-01-20 15:30:00,2024-01-20 15:48:00,in_progress
S093,WH07,INV0201,2024-01-23 10:30:00,2024-01-23 12:25:00,delivered
S081,WH06,INV0202,2024-01-30 09:00:00,2024-01-30 08:58:00,delivered
S091,WH07,INV0203,2024-01-25 09:30:00,2024-01-25 11:12:00,delivered
S027,WH01,INV0204,2024-01-30 12:30:00,2024-01-30 13:10:00,delivered
S053,WH01,INV0205,2024-02-01 08:30:00,2024-02-01 08:29:00,cancelled
S096,WH08,INV0206,2024-01-25 12:00:00,2024-01-25 12:09:00,delivered
S026,WH04,INV0207,2024-01-31 08:00:00,2024-01-31 12:48:00,delayed
S056,WH03,INV0208,2024-02-01 15:00:00,2024-02-01 14:51:00,delivered
S034,WH02,INV0209,2024-01-26 15:30:00,2024-01-26 15:48:00,delivered
S067,WH06,INV0210,2024-01-23 10:00:00,2024-01-23 11:56:00,delivered
S083,WH06,INV0211,2024-01-30 09:30:00,2024-01-30 09:16:00,in_progress
S041,WH03,INV0212,2024-01-22 10:30:00,2024-01-22 10:15:00,delivered
S036,WH04,INV0213,2024-01-28 09:00:00,2024-01-28 09:11:00,delivered
S087,WH07,INV0214,2024-01-29 09:30:00,2024-01-29 09:54:00,delivered
S032,WH01,INV0215,2024-01-24 16:00:00,2024-01-24 16:41:00,delivered
S076,WH06,INV0216,2024-01-30 11:30:00,2024-01-30 11:19:00,delivered
S025,WH01,INV0217,2024-01-21 16:00:00,2024-01-21 16:23:00,delivered
S063,WH05,INV0218,2024-01-23 14:30:00,2024-01-23 14:40:00,delivered
S077,WH06,INV0219,2024-01-23 08:00:00,2024-01-23 07:54:00,delivered
S054,WH01,INV0220,2024-02-02 15:30:00,2024-02-02 17:27:00,delivered
S100,WH08,INV0221,2024-01-30 13:30:00,2024-01-30 13:39:00,delivered
S035,WH02,INV0222,2024-01-27 15:00:00,2024-01-27 17:51:00,delivered
S089,WH07,INV0223,2024-01-22 14:00:00,2024-01-22 13:59:00,in_progress
S085,WH06,INV0224,2024-01-28 08:30:00,2024-01-28 08:25:00,scheduled
S048,WH01,INV0225,2024-01-30 14:00:00,2024-01-30 14:06:00,delivered
S051,WH04,INV0226,2024-01-19 15:30:00,2024-01-19 15:17:00,in_progress
S088,WH07,INV0227,2024-01-31 13:00:00,2024-01-31 15:51:00,delivered
S055,WH03,INV0228,2024-01-29 09:30:00,2024-01-29 10:14:00,delivered
S001,WH03,INV0229,2024-01-19 14:30:00,2024-01-19 15:49:00,delivered
S005,WH01,INV0230,2024-01-30 12:00:00,2024-01-30 12:07:00,delivered
S073,WH05,INV0231,2024-01-17 13:00:00,2024-01-17 15:49:00,delivered
S035,WH04,INV0232,2024-01-27 13:00:00,2024-01-27 13:46:00,delivered
S056,WH02,INV0233,2024-02-01 08:30:00,2024-02-01 13:08:00,delayed
S087,WH07,INV0234,2024-01-22 12:30:00,2024-01-22 15:05:00,delivered
S096,WH08,INV0235,2024-01-28 09:30:00,2024-01-28 10:30:00,delivered
S096,WH08,INV0236,2024-01-29 10:30:00,2024-01-29 10:46:00,delivered
S086,WH07,INV0237,2024-01-25 08:30:00,2024-01-25 08:26:00,delivered
S099,WH08,INV0238,2024-01-19 11:30:00,2024-01-19 12:21:00,delivered
S044,WH04,INV0239,2024-01-20 10:30:00,2024-01-20 10:34:00,delivered
S056,WH04,INV0240,2024-01-27 11:30:00,2024-01-27 15:37:00,delayed
S079,WH05,INV0241,2024-01-19 11:30:00,2024-01-19 11:23:00,delivered
S075,WH05,INV0242,2024-01-23 08:00:00,2024-01-23 09:59:00,delivered
S090,WH07,INV0243,2024-02-01 10:30:00,2024-02-01 10:45:00,delivered
S023,WH02,INV0244,2024-02-02 12:30:00,2024-02-02 13:12:00,delivered
S090,WH07,INV0245,2024-01-29 12:30:00,2024-01-29 15:20:00,delayed
S073,WH05,INV0246,2024-01-30 09:30:00,2024-01-30 09:33:00,delivered
S023,WH01,INV0247,2024-02-02 12:30:00,2024-02-02 14:07:00,delivered
S002,WH02,INV0248,2024-01-27 12:00:00,2024-01-27 12:12:00,delivered
S044,WH01,INV0249,2024-01-16 15:30:00,2024-01-16 18:25:00,delivered
S098,WH08,INV0250,2024-01-22 13:30:00,2024-01-22 16:26:00,delayed
S041,WH04,INV0251,2024-01-21 12:00:00,2024-01-21 12:57:00,delivered
S082,WH06,INV0252,2024-01-19 09:30:00,2024-01-19 11:52:00,delivered
S003,WH01,INV0253,2024-01-24 15:00:00,2024-01-24 14:56:00,delivered
S084,WH06,INV0254,2024-01-19 09:00:00,2024-01-19 09:14:00,cancelled
S070,WH05,INV0255,2024-01-25 14:30:00,2024-01-25 17:14:00,delayed
S013,WH03,INV0256,2024-01-19 13:30:00,2024-01-19 14:02:00,delivered
S088,WH07,INV0257,2024-01-23 15:30:00,2024-01-23 18:45:00,delayed
S048,WH01,INV0258,2024-01-25 09:30:00,2024-01-25 09:17:00,delivered
S065,WH06,INV0259,2024-01-22 14:00:00,2024-01-22 16:42:00,delivered
S036,WH01,INV0260,2024-01-26 09:00:00,2024-01-26 09:10:00,scheduled
S026,WH03,INV0261,2024-01-15 12:00:00,2024-01-15 12:44:00,delivered
S072,WH06,INV0262,2024-01-23 14:00:00,2024-01-23 18:43:00,delayed
S024,WH03,INV0263,2024-01-18 11:30:00,2024-01-18 11:45:00,in_progress
S002,WH02,INV0264,2024-02-01 13:00:00,2024-02-01 14:28:00,delivered
S087,WH07,INV0265,2024-01-29 12:30:00,2024-01-29 12:52:00,delivered
S097,WH08,INV0266,2024-01-16 08:30:00,2024-01-16 08:34:00,in_progress
S032,WH04,INV0267,2024-01-18 09:30:00,2024-01-18 09:22:00,scheduled
S094,WH07,INV0268,2024-01-19 14:00:00,2024-01-19 14:14:00,in_progress
S024,WH02,INV0269,2024-02-01 14:30:00,2024-02-01 14:52:00,in_progress
S048,WH01,INV0270,2024-01-19 14:30:00,2024-01-19 15:16:00,delivered
S080,WH05,INV0271,2024-01-28 12:00:00,2024-01-28 14:08:00,delayed
S083,WH05,INV0272,2024-01-26 11:00:00,2024-01-26 11:15:00,delivered
S016,WH02,INV0273,2024-01-26 09:30:00,2024-01-26 11:17:00,delivered
S078,WH05,INV0274,2024-01-26 08:30:00,2024-01-26 08:21:00,delivered
S064,WH06,INV0275,2024-01-29 09:00:00,2024-01-29 09:56:00,delivered
S095,WH07,INV0276,2024-01-15 08:30:00,2024-01-15 09:00:00,delivered
S009,WH04,INV0277,2024-02-02 11:00:00,2024-02-02 11:09:00,delivered
S036,WH03,INV0278,2024-01-21 11:00:00,2024-01-21 11:11:00,cancelled
S056,WH01,INV0279,2024-01-22 13:00:00,2024-01-22 13:53:00,delivered
S061,WH05,INV0280,2024-01-23 10:00:00,2024-01-23 09:53:00,in_progress
S035,WH02,INV0281,2024-01-23 10:30:00,2024-01-23 10:42:00,delivered
S002,WH01,INV0282,2024-01-19 08:00:00,2024-01-19 08:10:00,delivered
S016,WH04,INV0283,2024-02-02 13:00:00,2024-02-02 12:53:00,delivered
S004,WH03,INV0284,2024-01-19 14:30:00,2024-01-19 14:49:00,delivered
S031,WH02,INV0285,2024-01-29 13:30:00,2024-01-29 13:31:00,cancelled
S079,WH06,INV0286,2024-01-18 15:00:00,2024-01-18 15:54:00,delivered
S062,WH05,INV0287,2024-01-31 12:30:00,2024-01-31 12:45:00,delivered
S086,WH07,INV0288,2024-01-16 15:30:00,2024-01-16 15:42:00,cancelled
S092,WH07,INV0289,2024-01-28 09:30:00,2024-01-28 09:44:00,delivered
S029,WH02,INV0290,2024-01-17 09:00:00,2024-01-17 08:49:00,delivered
S096,WH08,INV0291,2024-01-19 12:00:00,2024-01-19 12:52:00,delivered
S036,WH02,INV0292,2024-01-25 14:00:00,2024-01-25 16:07:00,delivered
S019,WH02,INV0293,2024-01-29 16:00:00,2024-01-29 16:21:00,delivered
S051,WH01,INV0294,2024-01-18 11:00:00,2024-01-18 11:13:00,delivered
S015,WH01,INV0295,2024-01-28 13:00:00,2024-01-28 14:51:00,delivered
S074,WH05,INV0296,2024-01-18 13:00:00,2024-01-18 13:06:00,delivered
S017,WH02,INV0297,2024-01-26 10:00:00,2024-01-26 10:45:00,delivered
S005,WH03,INV0298,2024-01-17 09:00:00,2024-01-17 08:47:00,cancelled
S028,WH01,INV0299,2024-01-18 13:30:00,2024-01-18 15:41:00,delivered
S004,WH01,INV0300,2024-02-02 13:00:00,2024-02-02 13:41:00,delivered
S023,WH02,INV0301,2024-01-28 08:30:00,2024-01-28 10:46:00,delivered
S020,WH01,INV0302,2024-01-26 09:30:00,2024-01-26 09:58:00,delivered
S010,WH03,INV0303,2024-01-30 11:30:00,2024-01-30 13:14:00,delivered
S055,WH02,INV0304,2024-02-01 13:30:00,2024-02-01 13:23:00,delivered
S079,WH05,INV0305,2024-01-22 14:30:00,2024-01-22 17:08:00,delivered
S080,WH06,INV0306,2024-02-01 08:00:00,2024-02-01 08:57:00,delivered
S054,WH01,INV0307,2024-01-23 08:00:00,2024-01-23 08:07:00,delivered
S090,WH07,INV0308,2024-01-25 13:30:00,2024-01-25 13:15:00,cancelled
S012,WH02,INV0309,2024-01-19 14:00:00,2024-01-19 14:08:00,delivered
S081,WH05,INV0310,2024-01-15 09:00:00,2024-01-15 09:18:00,in_progress
S014,WH02,INV0311,2024-01-27 14:30:00,2024-01-27 14:20:00,delivered
S024,WH03,INV0312,2024-01-24 13:00:00,2024-01-24 13:51:00,delivered
S039,WH02,INV0313,2024-01-17 08:30:00,2024-01-17 08:39:00,delivered
S080,WH05,INV0314,2024-01-16 09:00:00,2024-01-16 09:06:00,delivered
S028,WH02,INV0315,2024-01-30 15:00:00,2024-01-30 14:51:00,delivered
S094,WH07,INV0316,2024-01-18 13:30:00,2024-01-18 13:24:00,delivered
S044,WH04,INV0317,2024-02-02 15:30:00,2024-02-02 16:04:00,delivered
S003,WH03,INV0318,2024-01-22 14:00:00,2024-01-22 15:07:00,delivered
S001,WH02,INV0319,2024-01-21 12:30:00,2024-01-21 15:08:00,delivered
S009,WH02,INV0320,2024-01-23 12:30:00,2024-01-23 12:15:00,delivered
S032,WH02,INV0321,2024-01-28 10:30:00,2024-01-28 10:32:00,delivered
S046,WH02,INV0322,2024-01-22 16:00:00,2024-01-22 16:57:00,delivered
S091,WH07,INV0323,2024-01-17 14:00:00,2024-01-17 15:05:00,delivered
S074,WH05,INV0324,2024-01-15 15:00:00,2024-01-15 17:50:00,delivered
S021,WH03,INV0325,2024-02-02 14:30:00,2024-02-02 14:51:00,in_progress
S026,WH04,INV0326,2024-01-28 12:30:00,2024-01-28 12:15:00,delivered
S071,WH05,INV0327,2024-01-20 15:00:00,2024-01-20 17:57:00,delivered
S024,WH01,INV0328,2024-01-17 14:30:00,2024-01-17 16:01:00,delivered
S028,WH02,INV0329,2024-02-02 14:00:00,2024-02-02 14:40:00,delivered
S056,WH04,INV0330,2024-01-24 13:00:00,2024-01-24 13:09:00,delivered
S097,WH08,INV0331,2024-01-17 16:00:00,2024-01-17 16:48:00,delivered
S033,WH02,INV0332,2024-01-21 13:30:00,2024-01-21 13:45:00,delivered
S053,WH01,INV0333,2024-01-19 11:30:00,2024-01-19 11:23:00,delivered
S013,WH01,INV0334,2024-01-20 10:00:00,2024-01-20 10:56:00,delivered
S005,WH02,INV0335,2024-01-20 15:30:00,2024-01-20 15:33:00,delivered
S095,WH07,INV0336,2024-01-29 13:00:00,2024-01-29 15:20:00,delivered
S021,WH04,INV0337,2024-01-19 15:00:00,2024-01-19 14:59:00,delivered
S098,WH08,INV0338,2024-01-23 08:30:00,2024-01-23 08:17:00,delivered
S020,WH03,INV0339,2024-01-29 15:00:00,2024-01-29 14:56:00,delivered
S090,WH07,INV0340,2024-01-17 09:00:00,2024-01-17 13:37:00,delayed
S039,WH02,INV0341,2024-01-31 14:00:00,2024-01-31 14:14:00,in_progress
S079,WH05,INV0342,2024-02-01 08:30:00,2024-02-01 08:40:00,delivered
S037,WH04,INV0343,2024-01-21 13:00:00,2024-01-21 13:04:00,cancelled
S031,WH02,INV0344,2024-01-31 10:00:00,2024-01-31 11:57:00,delivered
S007,WH01,INV0345,2024-01-25 09:00:00,2024-01-25 09:17:00,in_progress
S042,WH03,INV0346,2024-01-20 08:30:00,2024-01-20 08:29:00,delivered
S029,WH02,INV0347,2024-01-31 16:00:00,2024-01-31 16:38:00,delivered
S072,WH05,INV0348,2024-01-24 14:00:00,2024-01-24 13:55:00,delivered
S044,WH04,INV0349,2024-01-16 13:00:00,2024-01-16 12:48:00,delivered
S036,WH03,INV0350,2024-01-27 12:30:00,2024-01-27 12:42:00,delivered
S043,WH01,INV0351,2024-01-19 13:00:00,2024-01-19 13:06:00,delivered
S010,WH01,INV0352,2024-01-26 12:30:00,2024-01-26 14:59:00,delivered
S099,WH08,INV0353,2024-01-19 09:00:00,2024-01-19 08:57:00,delivered
S081,WH06,INV0354,2024-01-25 10:00:00,2024-01-25 10:58:00,delivered
S077,WH05,INV0355,2024-01-17 14:30:00,2024-01-17 14:46:00,delivered
S024,WH04,INV0356,2024-01-24 10:30:00,2024-01-24 10:28:00,in_progress
S022,WH03,INV0357,2024-01-30 11:00:00,2024-01-30 10:49:00,delivered
S088,WH07,INV0358,2024-01-17 12:30:00,2024-01-17 13:42:00,delivered
S100,WH08,INV0359,2024-02-01 16:00:00,2024-02-01 15:47:00,in_progress
S082,WH05,INV0360,2024-01-25 10:00:00,2024-01-25 10:24:00,delivered
S011,WH01,INV0361,2024-01-20 10:30:00,2024-01-20 14:22:00,delayed
S062,WH05,INV0362,2024-01-28 13:30:00,2024-01-28 14:00:00,delivered
S075,WH06,INV0363,2024-01-24 15:00:00,2024-01-24 14:52:00,delivered
S070,WH06,INV0364,2024-01-30 11:00:00,2024-01-30 11:15:00,delivered
S037,WH01,INV0365,2024-01-29 15:00:00,2024-01-29 15:39:00,delivered
S077,WH06,INV0366,2024-01-31 14:30:00,2024-01-31 17:14:00,delivered
S013,WH04,INV0367,2024-01-19 12:00:00,2024-01-19 12:00:00,delivered
S091,WH07,INV0368,2024-02-01 09:30:00,2024-02-01 10:18:00,delivered
S064,WH06,INV0369,2024-01-24 09:00:00,2024-01-24 09:32:00,delivered
S029,WH02,INV0370,2024-01-31 10:00:00,2024-01-31 11:11:00,delivered
S059,WH02,INV0371,2024-01-22 15:00:00,2024-01-22 17:59:00,delivered
S002,WH04,INV0372,2024-01-28 08:30:00,2024-01-28 08:26:00,delivered
S089,WH07,INV0373,2024-01-27 09:00:00,2024-01-27 08:45:00,delivered
S021,WH04,INV0374,2024-01-18 13:00:00,2024-01-18 13:23:00,delivered
S062,WH05,INV0375,2024-01-24 15:30:00,2024-01-24 15:37:00,cancelled
S088,WH07,INV0376,2024-01-30 15:00:00,2024-01-30 15:20:00,delivered
S002,WH02,INV0377,2024-01-23 11:00:00,2024-01-23 13:10:00,delivered
S084,WH06,INV0378,2024-01-31 14:30:00,2024-01-31 14:24:00,delivered
S016,WH04,INV0379,2024-01-24 09:30:00,2024-01-24 09:28:00,delivered
S081,WH06,INV0380,2024-01-29 09:00:00,2024-01-29 08:48:00,cancelled
S054,WH02,INV0381,2024-01-30 08:00:00,2024-01-30 08:51:00,delivered
S068,WH05,INV0382,2024-01-19 12:30:00,2024-01-19 12:34:00,delivered
S023,WH04,INV0383,2024-01-22 14:30:00,2024-01-22 14:36:00,delivered
S087,WH07,INV0384,2024-01-31 13:30:00,2024-01-31 13:19:00,in_progress
S077,WH06,INV0385,2024-02-01 16:00:00,2024-02-01 16:47:00,delivered
S078,WH06,INV0386,2024-01-15 14:00:00,2024-01-15 15:05:00,delivered
S041,WH03,INV0387,2024-01-27 13:30:00,2024-01-27 13:15:00,delivered
S023,WH01,INV0388,2024-01-17 13:30:00,2024-01-17 13:30:00,in_progress
S084,WH05,INV0389,2024-01-18 13:00:00,2024-01-18 12:56:00,delivered
S078,WH05,INV0390,2024-01-25 10:30:00,2024-01-25 12:57:00,delivered
S030,WH04,INV0391,2024-01-30 10:30:00,2024-01-30 11:38:00,delivered
S046,WH02,INV0392,2024-01-29 08:30:00,2024-01-29 08:16:00,delivered
S089,WH07,INV0393,2024-01-16 13:00:00,2024-01-16 15:05:00,delivered
S026,WH03,INV0394,2024-02-01 15:30:00,2024-02-01 15:39:00,delivered
S089,WH07,INV0395,2024-01-24 13:30:00,2024-01-24 14:36:00,delivered
S056,WH04,INV0396,2024-01-25 12:00:00,2024-01-25 11:56:00,delivered
S074,WH05,INV0397,2024-01-27 15:00:00,2024-01-27 16:49:00,delivered
S091,WH07,INV0398,2024-01-20 15:30:00,2024-01-20 16:08:00,delivered
S060,WH04,INV0399,2024-01-31 12:00:00,2024-01-31 14:21:00,delayed
S092,WH07,INV0400,2024-01-17 14:30:00,2024-01-17 14:56:00,delivered
S035,WH01,INV0401,2024-01-24 13:00:00,2024-01-24 12:55:00,delivered
S082,WH05,INV0402,2024-01-24 12:30:00,2024-01-24 12:37:00,delivered
S074,WH05,INV0403,2024-01-20 15:00:00,2024-01-20 14:46:00,delivered
S091,WH07,INV0404,2024-01-28 12:00:00,2024-01-28 16:43:00,delayed
S051,WH01,INV0405,2024-01-16 09:00:00,2024-01-16 09:40:00,delivered
S072,WH06,INV0406,2024-01-31 10:30:00,2024-01-31 10:45:00,scheduled
S086,WH07,INV0407,2024-01-19 15:00:00,2024-01-19 14:47:00,delivered
S016,WH04,INV0408,2024-01-26 13:30:00,2024-01-26 13:27:00,cancelled
S037,WH03,INV0409,2024-01-16 10:00:00,2024-01-16 10:38:00,delivered
S024,WH02,INV0410,2024-01-29 09:00:00,2024-01-29 09:48:00,delivered
S024,WH01,INV0411,2024-01-27 13:00:00,2024-01-27 13:26:00,in_progress
S018,WH03,INV0412,2024-01-22 09:30:00,2024-01-22 09:20:00,delivered
S093,WH07,INV0413,2024-01-31 14:00:00,2024-01-31 15:15:00,delivered
S017,WH02,INV0414,2024-01-23 15:00:00,2024-01-23 15:04:00,delivered
S019,WH03,INV0415,2024-01-30 11:00:00,2024-01-30 11:12:00,delivered
S005,WH03,INV0416,2024-01-29 10:30:00,2024-01-29 12:26:00,delivered
S006,WH01,INV0417,2024-01-25 13:30:00,2024-01-25 14:20:00,delivered
S035,WH03,INV0418,2024-01-24 12:30:00,2024-01-24 15:01:00,delivered
S046,WH02,INV0419,2024-01-20 13:30:00,2024-01-20 13:31:00,cancelled
S068,WH05,INV0420,2024-01-18 11:00:00,2024-01-18 11:30:00,delivered
S076,WH05,INV0421,2024-01-15 13:30:00,2024-01-15 14:08:00,delivered
S099,WH08,INV0422,2024-02-01 10:00:00,2024-02-01 10:20:00,delivered
S005,WH03,INV0423,2024-01-24 14:00:00,2024-01-24 16:32:00,delivered
S099,WH08,INV0424,2024-01-31 14:30:00,2024-01-31 15:21:00,delivered
S005,WH04,INV0425,2024-01-19 13:00:00,2024-01-19 13:43:00,delivered
S075,WH05,INV0426,2024-01-31 13:30:00,2024-01-31 13:41:00,delivered
S094,WH07,INV0427,2024-02-02 10:30:00,2024-02-02 10:53:00,delivered
S028,WH01,INV0428,2024-01-31 08:30:00,2024-01-31 10:36:00,delivered
S010,WH03,INV0429,2024-01-24 10:30:00,2024-01-24 10:44:00,delivered
S046,WH01,INV0430,2024-01-22 13:30:00,2024-01-22 15:36:00,delivered
S058,WH03,INV0431,2024-01-24 09:00:00,2024-01-24 09:01:00,in_progress
S013,WH03,INV0432,2024-02-01 12:00:00,2024-02-01 11:54:00,delivered
S040,WH04,INV0433,2024-02-01 09:00:00,2024-02-01 09:25:00,delivered
S038,WH01,INV0434,2024-02-02 10:00:00,2024-02-02 10:04:00,delivered
S095,WH07,INV0435,2024-01-25 08:30:00,2024-01-25 08:41:00,cancelled
S056,WH02,INV0436,2024-01-15 09:00:00,2024-01-15 09:05:00,delivered
S050,WH03,INV0437,2024-02-02 12:00:00,2024-02-02 12:51:00,delivered
S027,WH01,INV0438,2024-01-15 15:30:00,2024-01-15 17:39:00,delivered
S070,WH05,INV0439,2024-01-24 15:30:00,2024-01-24 15:40:00,delivered
S044,WH02,INV0440,2024-01-27 12:30:00,2024-01-27 12:37:00,delivered
S062,WH05,INV0441,2024-01-20 15:00:00,2024-01-20 14:59:00,delivered
S014,WH01,INV0442,2024-01-25 10:00:00,2024-01-25 10:07:00,delivered
S021,WH01,INV0443,2024-01-26 14:00:00,2024-01-26 13:53:00,in_progress
S049,WH02,INV0444,2024-01-26 16:00:00,2024-01-26 16:35:00,delivered
S016,WH02,INV0445,2024-01-29 09:30:00,2024-01-29 09:22:00,delivered
S088,WH07,INV0446,2024-01-18 08:30:00,2024-01-18 08:27:00,delivered
S056,WH03,INV0447,2024-01-28 11:30:00,2024-01-28 11:25:00,in_progress
S053,WH02,INV0448,2024-01-25 13:00:00,2024-01-25 12:50:00,delivered
S093,WH07,INV0449,2024-01-31 15:00:00,2024-01-31 14:54:00,delivered
S032,WH01,INV0450,2024-01-15 09:00:00,2024-01-15 11:04:00,delivered
S030,WH01,INV0451,2024-01-22 11:00:00,2024-01-22 11:18:00,delivered
S004,WH04,INV0452,2024-01-24 15:30:00,2024-01-24 16:26:00,delivered
S093,WH07,INV0453,2024-01-24 08:00:00,2024-01-24 09:55:00,delivered
S009,WH02,INV0454,2024-01-23 13:30:00,2024-01-23 13:40:00,in_progress
S024,WH02,INV0455,2024-01-16 14:00:00,2024-01-16 14:02:00,delivered
S013,WH02,INV0456,2024-01-26 12:30:00,2024-01-26 12:31:00,delivered
S029,WH03,INV0457,2024-02-01 12:00:00,2024-02-01 14:19:00,delivered
S044,WH03,INV0458,2024-01-18 10:00:00,2024-01-18 11:50:00,delivered
S091,WH07,INV0459,2024-01-25 13:30:00,2024-01-25 13:57:00,delivered
S039,WH01,INV0460,2024-01-31 14:00:00,2024-01-31 14:17:00,in_progress
S003,WH03,INV0461,2024-01-16 08:30:00,2024-01-16 08:19:00,cancelled
S083,WH06,INV0462,2024-01-25 15:30:00,2024-01-25 15:31:00,cancelled
S030,WH01,INV0463,2024-01-19 16:00:00,2024-01-19 16:14:00,delivered
S040,WH04,INV0464,2024-01-25 10:30:00,2024-01-25 10:34:00,delivered
S048,WH02,INV0465,2024-01-24 13:00:00,2024-01-24 13:47:00,delivered
S078,WH06,INV0466,2024-01-30 12:30:00,2024-01-30 12:15:00,delivered
S024,WH04,INV0467,2024-01-25 09:30:00,2024-01-25 09:28:00,scheduled
S038,WH02,INV0468,2024-01-24 08:00:00,2024-01-24 08:31:00,delivered
S095,WH07,INV0469,2024-02-02 11:30:00,2024-02-02 12:22:00,delivered
S031,WH04,INV0470,2024-01-20 16:00:00,2024-01-20 16:54:00,delivered
S050,WH04,INV0471,2024-01-27 10:00:00,2024-01-27 11:31:00,delivered
S062,WH06,INV0472,2024-02-02 09:30:00,2024-02-02 09:29:00,delivered
S021,WH01,INV0473,2024-01-28 10:00:00,2024-01-28 09:51:00,delivered
S092,WH07,INV0474,2024-01-31 15:30:00,2024-01-31 18:04:00,delivered
S047,WH04,INV0475,2024-01-16 10:00:00,2024-01-16 10:01:00,cancelled
S067,WH05,INV0476,2024-02-01 13:00:00,2024-02-01 15:01:00,delivered
S094,WH07,INV0477,2024-01-27 13:00:00,2024-01-27 14:58:00,delivered
S059,WH03,INV0478,2024-02-01 13:00:00,2024-02-01 13:58:00,delivered
S050,WH01,INV0479,2024-01-23 15:30:00,2024-01-23 15:22:00,delivered
S069,WH05,INV0480,2024-02-01 12:30:00,2024-02-01 12:24:00,delivered
S085,WH05,INV0481,2024-01-24 11:00:00,2024-01-24 11:46:00,delivered
S021,WH03,INV0482,2024-01-30 13:30:00,2024-01-30 14:02:00,delivered
S019,WH02,INV0483,2024-01-18 14:00:00,2024-01-18 15:50:00,delivered
S053,WH02,INV0484,2024-01-26 10:00:00,2024-01-26 09:54:00,delivered
S046,WH03,INV0485,2024-01-17 13:30:00,2024-01-17 15:53:00,delivered
S090,WH07,INV0486,2024-01-30 11:00:00,2024-01-30 11:02:00,delivered
S018,WH02,INV0487,2024-02-01 12:00:00,2024-02-01 12:04:00,delivered
S048,WH02,INV0488,2024-02-02 11:30:00,2024-02-02 11:36:00,delivered
S058,WH01,INV0489,2024-01-31 11:30:00,2024-01-31 11:48:00,delivered
S007,WH04,INV0490,2024-01-28 13:00:00,2024-01-28 13:21:00,delivered
S082,WH06,INV0491,2024-01-19 08:00:00,2024-01-19 10:58:00,delivered
S011,WH01,INV0492,2024-01-28 15:30:00,2024-01-28 15:21:00,delivered
S049,WH03,INV0493,2024-01-24 13:00:00,2024-01-24 12:46:00,delivered
S059,WH03,INV0494,2024-01-17 11:30:00,2024-01-17 11:47:00,delivered
S066,WH06,INV0495,2024-01-28 10:30:00,2024-01-28 11:34:00,delivered
S073,WH05,INV0496,2024-01-30 10:30:00,2024-01-30 10:33:00,in_progress
S057,WH04,INV0497,2024-01-16 08:00:00,2024-01-16 08:04:00,delivered
S007,WH01,INV0498,2024-01-25 12:30:00,2024-01-25 12:35:00,delivered
S035,WH01,INV0499,2024-01-31 15:30:00,2024-01-31 15:43:00,cancelled
S009,WH03,INV0500,2024-01-31 15:00:00,2024-01-31 18:09:00,delayed
S013,WH04,INV0501,2024-01-18 13:00:00,2024-01-18 12:59:00,delivered
S081,WH05,INV0502,2024-01-23 10:30:00,2024-01-23 10:15:00,cancelled
S084,WH05,INV0503,2024-01-25 12:30:00,2024-01-25 12:51:00,in_progress
S082,WH06,INV0504,2024-01-21 10:30:00,2024-01-21 11:25:00,delivered
S058,WH03,INV0505,2024-01-27 14:30:00,2024-01-27 14:50:00,delivered
S099,WH08,INV0506,2024-01-18 10:30:00,2024-01-18 12:31:00,delivered
S021,WH01,INV0507,2024-01-22 08:00:00,2024-01-22 11:06:00,delayed
S092,WH07,INV0508,2024-01-22 15:00:00,2024-01-22 15:36:00,delivered
S020,WH04,INV0509,2024-02-02 08:00:00,2024-02-02 07:56:00,delivered
S045,WH01,INV0510,2024-01-22 08:30:00,2024-01-22 08:36:00,cancelled
S008,WH02,INV0511,2024-01-29 12:30:00,2024-01-29 12:36:00,delivered
S100,WH08,INV0512,2024-01-24 09:30:00,2024-01-24 09:35:00,cancelled
S059,WH03,INV0513,2024-01-24 13:30:00,2024-01-24 18:07:00,delayed
S068,WH06,INV0514,2024-01-22 10:00:00,2024-01-22 10:00:00,cancelled
S065,WH06,INV0515,2024-01-29 13:30:00,2024-01-29 13:32:00,delivered
S059,WH04,INV0516,2024-01-30 11:00:00,2024-01-30 11:58:00,delivered
S049,WH01,INV0517,2024-01-17 16:00:00,2024-01-17 16:07:00,delivered
S072,WH05,INV0518,2024-01-17 09:30:00,2024-01-17 09:32:00,delivered
S077,WH05,INV0519,2024-01-21 10:00:00,2024-01-21 10:12:00,delivered
S034,WH02,INV0520,2024-01-29 09:30:00,2024-01-29 10:30:00,delivered
S079,WH06,INV0521,2024-01-30 09:00:00,2024-01-30 10:57:00,delivered
S062,WH05,INV0522,2024-01-29 10:00:00,2024-01-29 10:44:00,delivered
S079,WH05,INV0523,2024-01-16 15:00:00,2024-01-16 15:06:00,cancelled
S052,WH01,INV0524,2024-01-24 08:00:00,2024-01-24 08:11:00,delivered
S001,WH01,INV0525,2024-01-21 09:00:00,2024-01-21 08:46:00,cancelled
S028,WH04,INV0526,2024-01-26 09:00:00,2024-01-26 09:02:00,cancelled
S062,WH06,INV0527,2024-01-17 15:30:00,2024-01-17 17:38:00,delayed
S019,WH02,INV0528,2024-01-28 10:30:00,2024-01-28 10:39:00,scheduled
S009,WH03,INV0529,2024-01-28 13:30:00,2024-01-28 13:39:00,in_progress
S075,WH05,INV0530,2024-01-27 14:00:00,2024-01-27 14:15:00,delivered
S100,WH08,INV0531,2024-01-19 13:30:00,2024-01-19 13:18:00,cancelled
S012,WH03,INV0532,2024-02-01 14:00:00,2024-02-01 14:18:00,in_progress
S065,WH05,INV0533,2024-01-22 08:00:00,2024-01-22 08:34:00,delivered
S030,WH01,INV0534,2024-02-01 14:30:00,2024-02-01 14:59:00,delivered
S016,WH02,INV0535,2024-01-29 13:30:00,2024-01-29 13:21:00,delivered
S060,WH02,INV0536,2024-01-18 08:30:00,2024-01-18 10:23:00,delivered
S040,WH01,INV0537,2024-01-15 11:30:00,2024-01-15 11:18:00,delivered
S039,WH03,INV0538,2024-01-16 15:00:00,2024-01-16 15:04:00,scheduled
S082,WH05,INV0539,2024-01-16 11:30:00,2024-01-16 12:10:00,delivered
S093,WH07,INV0540,2024-01-22 11:00:00,2024-01-22 11:18:00,delivered
S009,WH01,INV0541,2024-01-31 12:30:00,2024-01-31 12:29:00,in_progress
S095,WH07,INV0542,2024-01-25 13:00:00,2024-01-25 13:13:00,delivered
S010,WH03,INV0543,2024-01-31 11:30:00,2024-01-31 15:15:00,delayed
S020,WH01,INV0544,2024-01-23 08:30:00,2024-01-23 09:22:00,delivered
S057,WH02,INV0545,2024-01-20 14:30:00,2024-01-20 14:32:00,scheduled
S076,WH05,INV0546,2024-01-16 13:30:00,2024-01-16 18:14:00,delayed
S043,WH04,INV0547,2024-01-27 16:00:00,2024-01-27 15:58:00,delivered
S027,WH01,INV0548,2024-01-19 12:30:00,2024-01-19 12:39:00,delivered
S035,WH01,INV0549,2024-01-30 11:30:00,2024-01-30 13:08:00,delivered
S055,WH02,INV0550,2024-01-19 15:00:00,2024-01-19 14:48:00,in_progress
S100,WH08,INV0551,2024-01-28 14:30:00,2024-01-28 14:53:00,delivered
S092,WH07,INV0552,2024-01-22 12:00:00,2024-01-22 11:51:00,cancelled
S022,WH01,INV0553,2024-01-17 15:00:00,2024-01-17 15:12:00,scheduled
S072,WH06,INV0554,2024-01-17 11:00:00,2024-01-17 10:57:00,delivered
S044,WH01,INV0555,2024-01-16 09:00:00,2024-01-16 09:09:00,delivered
S038,WH02,INV0556,2024-02-01 11:00:00,2024-02-01 11:15:00,in_progress
S014,WH04,INV0557,2024-01-25 12:30:00,2024-01-25 13:31:00,delivered
S014,WH04,INV0558,2024-01-21 09:30:00,2024-01-21 10:15:00,delivered
S089,WH07,INV0559,2024-01-21 14:00:00,2024-01-21 16:10:00,delivered
S021,WH01,INV0560,2024-01-24 14:00:00,2024-01-24 14:05:00,delivered
S098,WH08,INV0561,2024-01-24 12:00:00,2024-01-24 11:56:00,cancelled
S077,WH06,INV0562,2024-01-30 15:00:00,2024-01-30 14:48:00,cancelled
S052,WH04,INV0563,2024-01-30 13:00:00,2024-01-30 14:47:00,delivered
S021,WH03,INV0564,2024-01-28 08:30:00,2024-01-28 08:59:00,delivered
S048,WH02,INV0565,2024-01-19 08:00:00,2024-01-19 08:14:00,delivered
S038,WH03,INV0566,2024-02-02 14:30:00,2024-02-02 14:21:00,delivered
S022,WH02,INV0567,2024-01-22 14:00:00,2024-01-22 14:30:00,delivered
S032,WH01,INV0568,2024-02-01 13:00:00,2024-02-01 13:11:00,delivered
S032,WH03,INV0569,2024-01-30 15:00:00,2024-01-30 14:50:00,cancelled
S047,WH04,INV0570,2024-01-26 10:30:00,2024-01-26 10:32:00,delivered
S032,WH02,INV0571,2024-01-20 08:30:00,2024-01-20 08:48:00,in_progress
S003,WH04,INV0572,2024-01-17 08:30:00,2024-01-17 09:11:00,delivered
S088,WH07,INV0573,2024-01-22 09:00:00,2024-01-22 09:15:00,delivered
S067,WH05,INV0574,2024-01-31 15:00:00,2024-01-31 15:08:00,in_progress
S086,WH07,INV0575,2024-01-30 15:30:00,2024-01-30 15:15:00,cancelled
S061,WH06,INV0576,2024-02-01 14:30:00,2024-02-01 14:31:00,delivered
S084,WH05,INV0577,2024-01-23 12:30:00,2024-01-23 12:41:00,delivered
S083,WH06,INV0578,2024-01-28 10:30:00,2024-01-28 10:18:00,delivered
S094,WH07,INV0579,2024-01-19 11:30:00,2024-01-19 11:31:00,delivered
S017,WH01,INV0580,2024-01-26 12:00:00,2024-01-26 12:10:00,cancelled
S026,WH01,INV0581,2024-01-17 13:30:00,2024-01-17 13:40:00,in_progress
S075,WH05,INV0582,2024-02-02 11:30:00,2024-02-02 12:58:00,delivered
S070,WH06,INV0583,2024-01-17 08:30:00,2024-01-17 08:27:00,delivered
S025,WH04,INV0584,2024-02-01 15:30:00,2024-02-01 15:18:00,in_progress
S041,WH02,INV0585,2024-01-15 10:30:00,2024-01-15 10:42:00,delivered
S099,WH08,INV0586,2024-01-25 09:30:00,2024-01-25 12:27:00,delivered
S003,WH02,INV0587,2024-01-22 11:00:00,2024-01-22 13:28:00,delivered
S057,WH04,INV0588,2024-02-02 15:30:00,2024-02-02 15:44:00,delivered
S005,WH01,INV0589,2024-01-23 08:30:00,2024-01-23 08:26:00,in_progress
S060,WH04,INV0590,2024-01-25 08:00:00,2024-01-25 07:58:00,in_progress
S038,WH02,INV0591,2024-01-19 14:00:00,2024-01-19 16:19:00,delayed
S090,WH07,INV0592,2024-01-20 11:30:00,2024-01-20 12:09:00,delivered
S094,WH07,INV0593,2024-01-25 14:00:00,2024-01-25 14:23:00,delivered
S051,WH01,INV0594,2024-01-17 16:00:00,2024-01-17 16:37:00,delivered
S062,WH05,INV0595,2024-01-18 14:30:00,2024-01-18 14:17:00,delivered
S022,WH04,INV0596,2024-01-27 13:00:00,2024-01-27 12:53:00,delivered
S075,WH05,INV0597,2024-01-30 11:30:00,2024-01-30 11:45:00,delivered
S092,WH07,INV0598,2024-01-28 10:30:00,2024-01-28 11:27:00,delivered
S099,WH08,INV0599,2024-01-17 12:30:00,2024-01-17 15:33:00,delayed
S046,WH01,INV0600,2024-01-17 09:00:00,2024-01-17 08:57:00,delivered
S046,WH01,INV0601,2024-01-19 14:00:00,2024-01-19 14:05:00,in_progress
S024,WH02,INV0602,2024-01-18 09:00:00,2024-01-18 08:54:00,delivered
S075,WH06,INV0603,2024-01-26 12:00:00,2024-01-26 11:47:00,delivered
S012,WH03,INV0604,2024-01-28 15:00:00,2024-01-28 15:47:00,delivered
S099,WH08,INV0605,2024-01-18 08:00:00,2024-01-18 08:02:00,delivered
S006,WH03,INV0606,2024-01-25 14:00:00,2024-01-25 13:58:00,delivered
S073,WH06,INV0607,2024-01-17 11:30:00,2024-01-17 11:55:00,delivered
S044,WH02,INV0608,2024-01-27 10:30:00,2024-01-27 10:24:00,delivered
S069,WH05,INV0609,2024-01-30 10:00:00,2024-01-30 09:58:00,delivered
S018,WH02,INV0610,2024-01-28 12:30:00,2024-01-28 12:17:00,delivered
S024,WH01,INV0611,2024-01-23 11:30:00,2024-01-23 16:10:00,delayed
S093,WH07,INV0612,2024-01-21 15:00:00,2024-01-21 14:54:00,delivered
S061,WH05,INV0613,2024-01-27 13:00:00,2024-01-27 14:48:00,delivered
S052,WH02,INV0614,2024-01-25 15:00:00,2024-01-25 15:11:00,delivered
S053,WH03,INV0615,2024-01-19 12:30:00,2024-01-19 12:25:00,scheduled
S039,WH02,INV0616,2024-01-21 15:30:00,2024-01-21 15:25:00,cancelled
S012,WH01,INV0617,2024-01-27 13:00:00,2024-01-27 13:07:00,delivered
S041,WH02,INV0618,2024-01-30 11:30:00,2024-01-30 11:23:00,delivered
S053,WH03,INV0619,2024-01-27 13:30:00,2024-01-27 13:18:00,cancelled
S060,WH01,INV0620,2024-02-02 11:00:00,2024-02-02 15:31:00,delayed
S078,WH06,INV0621,2024-01-20 08:00:00,2024-01-20 08:15:00,cancelled
S084,WH06,INV0622,2024-01-29 11:00:00,2024-01-29 11:13:00,in_progress
S070,WH05,INV0623,2024-01-17 14:30:00,2024-01-17 14:58:00,in_progress
S032,WH01,INV0624,2024-01-19 12:30:00,2024-01-19 12:36:00,delivered
S065,WH05,INV0625,2024-01-28 14:00:00,2024-01-28 13:47:00,cancelled
S029,WH03,INV0626,2024-01-30 14:00:00,2024-01-30 14:19:00,in_progress
S033,WH01,INV0627,2024-01-28 08:30:00,2024-01-28 09:08:00,delivered
S045,WH03,INV0628,2024-02-01 09:00:00,2024-02-01 08:52:00,delivered
S043,WH03,INV0629,2024-01-26 10:30:00,2024-01-26 10:47:00,delivered
S037,WH04,INV0630,2024-01-27 13:00:00,2024-01-27 14:55:00,delivered
S064,WH06,INV0631,2024-01-15 09:30:00,2024-01-15 09:31:00,delivered
S048,WH03,INV0632,2024-01-31 11:30:00,2024-01-31 11:27:00,delivered
S030,WH01,INV0633,2024-02-02 16:00:00,2024-02-02 15:45:00,delivered
S031,WH03,INV0634,2024-01-18 12:30:00,2024-01-18 12:45:00,delivered
S006,WH02,INV0635,2024-01-18 10:00:00,2024-01-18 09:55:00,delivered
S093,WH07,INV0636,2024-01-21 16:00:00,2024-01-21 16:00:00,delivered
S007,WH01,INV0637,2024-01-29 15:00:00,2024-01-29 15:05:00,in_progress
S005,WH01,INV0638,2024-01-24 08:30:00,2024-01-24 09:44:00,delivered
S096,WH08,INV0639,2024-01-25 09:30:00,2024-01-25 09:55:00,delivered
S060,WH03,INV0640,2024-01-22 16:00:00,2024-01-22 15:50:00,delivered
S071,WH05,INV0641,2024-02-01 14:30:00,2024-02-01 15:59:00,delivered
S052,WH01,INV0642,2024-01-27 10:30:00,2024-01-27 10:36:00,delivered
S028,WH04,INV0643,2024-01-27 08:00:00,2024-01-27 08:27:00,delivered
S029,WH02,INV0644,2024-02-02 14:30:00,2024-02-02 14:37:00,delivered
S014,WH01,INV0645,2024-01-21 12:00:00,2024-01-21 12:19:00,delivered
S037,WH01,INV0646,2024-01-18 10:30:00,2024-01-18 10:21:00,delivered
S075,WH05,INV0647,2024-01-18 12:00:00,2024-01-18 12:46:00,delivered
S034,WH02,INV0648,2024-01-25 14:00:00,2024-01-25 14:24:00,in_progress
S026,WH01,INV0649,2024-02-02 09:30:00,2024-02-02 09:42:00,delivered
S075,WH05,INV0650,2024-01-20 12:30:00,2024-01-20 14:45:00,delivered
S087,WH07,INV0651,2024-01-19 13:00:00,2024-01-19 12:54:00,delivered
S008,WH04,INV0652,2024-01-20 13:30:00,2024-01-20 14:17:00,delivered
S092,WH07,INV0653,2024-01-28 10:00:00,2024-01-28 10:42:00,delivered
S066,WH06,INV0654,2024-01-30 10:30:00,2024-01-30 11:16:00,delivered
S070,WH06,INV0655,2024-01-19 10:30:00,2024-01-19 10:29:00,delivered
S095,WH07,INV0656,2024-01-16 13:30:00,2024-01-16 15:32:00,delivered
S065,WH06,INV0657,2024-01-21 14:00:00,2024-01-21 16:04:00,delivered
S081,WH05,INV0658,2024-01-30 14:30:00,2024-01-30 15:11:00,delivered
S083,WH05,INV0659,2024-01-29 15:30:00,2024-01-29 15:33:00,delivered
S002,WH01,INV0660,2024-01-22 12:30:00,2024-01-22 12:22:00,delivered
S035,WH01,INV0661,2024-01-24 10:30:00,2024-01-24 11:21:00,delivered
S048,WH02,INV0662,2024-01-30 16:00:00,2024-01-30 15:48:00,cancelled
S037,WH02,INV0663,2024-01-18 12:00:00,2024-01-18 16:19:00,delayed
S072,WH06,INV0664,2024-02-01 08:30:00,2024-02-01 09:13:00,delivered
S035,WH03,INV0665,2024-01-21 14:30:00,2024-01-21 14:41:00,delivered
S081,WH05,INV0666,2024-01-22 12:30:00,2024-01-22 13:34:00,delivered
S099,WH08,INV0667,2024-01-23 13:30:00,2024-01-23 14:41:00,delivered
S075,WH05,INV0668,2024-01-18 11:30:00,2024-01-18 14:23:00,delayed
S084,WH05,INV0669,2024-02-02 13:30:00,2024-02-02 15:48:00,delivered
S041,WH01,INV0670,2024-01-28 10:30:00,2024-01-28 10:58:00,delivered
S053,WH03,INV0671,2024-01-21 08:30:00,2024-01-21 09:19:00,delivered
S069,WH05,INV0672,2024-02-01 10:30:00,2024-02-01 10:25:00,cancelled
S046,WH03,INV0673,2024-01-24 12:30:00,2024-01-24 13:17:00,delivered
S058,WH02,INV0674,2024-01-18 10:00:00,2024-01-18 12:40:00,delivered
S027,WH01,INV0675,2024-01-16 12:00:00,2024-01-16 12:12:00,scheduled
S042,WH04,INV0676,2024-01-19 10:00:00,2024-01-19 09:52:00,cancelled
S065,WH05,INV0677,2024-01-25 11:30:00,2024-01-25 12:28:00,delivered
S092,WH07,INV0678,2024-01-30 10:00:00,2024-01-30 10:32:00,delivered
S041,WH03,INV0679,2024-01-28 14:00:00,2024-01-28 13:59:00,cancelled
S005,WH04,INV0680,2024-01-17 14:00:00,2024-01-17 14:32:00,delivered
S045,WH02,INV0681,2024-01-26 15:00:00,2024-01-26 15:15:00,cancelled
S076,WH05,INV0682,2024-01-25 08:00:00,2024-01-25 10:48:00,delivered
S047,WH01,INV0683,2024-01-17 15:00:00,2024-01-17 15:59:00,delivered
S091,WH07,INV0684,2024-01-17 14:00:00,2024-01-17 13:58:00,delivered
S053,WH02,INV0685,2024-01-21 15:30:00,2024-01-21 15:41:00,delivered
S019,WH01,INV0686,2024-01-25 10:00:00,2024-01-25 14:24:00,delayed
S055,WH03,INV0687,2024-01-30 13:00:00,2024-01-30 13:13:00,cancelled
S086,WH07,INV0688,2024-01-16 09:30:00,2024-01-16 10:14:00,delivered
S002,WH04,INV0689,2024-01-18 10:30:00,2024-01-18 10:15:00,delivered
S028,WH04,INV0690,2024-01-21 10:00:00,2024-01-21 11:38:00,delivered
S011,WH03,INV0691,2024-01-23 09:00:00,2024-01-23 09:31:00,delivered
S006,WH02,INV0692,2024-01-26 10:30:00,2024-01-26 12:43:00,delayed
S026,WH02,INV0693,2024-01-24 11:30:00,2024-01-24 11:17:00,delivered
S046,WH01,INV0694,2024-01-18 08:00:00,2024-01-18 07:58:00,in_progress
S031,WH03,INV0695,2024-01-17 10:00:00,2024-01-17 14:31:00,delayed
S015,WH01,INV0696,2024-01-31 15:00:00,2024-01-31 15:07:00,delivered
S022,WH04,INV0697,2024-01-18 14:30:00,2024-01-18 15:15:00,delivered
S063,WH06,INV0698,2024-01-22 14:00:00,2024-01-22 14:10:00,delivered
S007,WH02,INV0699,2024-01-18 13:00:00,2024-01-18 12:54:00,delivered
S065,WH05,INV0700,2024-01-27 10:00:00,2024-01-27 10:58:00,delivered
S010,WH01,INV0701,2024-01-17 16:00:00,2024-01-17 16:54:00,delivered
S081,WH05,INV0702,2024-01-20 15:00:00,2024-01-20 14:51:00,delivered
S041,WH03,INV0703,2024-01-19 14:30:00,2024-01-19 15:13:00,delivered
S067,WH06,INV0704,2024-01-17 09:30:00,2024-01-17 09:23:00,in_progress
S087,WH07,INV0705,2024-02-02 14:00:00,2024-02-02 13:58:00,delivered
S021,WH01,INV0706,2024-01-19 11:30:00,2024-01-19 11:17:00,delivered
S016,WH01,INV0707,2024-02-01 12:30:00,2024-02-01 13:29:00,delivered
S086,WH07,INV0708,2024-01-24 11:00:00,2024-01-24 11:47:00,delivered
S013,WH01,INV0709,2024-01-27 12:30:00,2024-01-27 13:00:00,delivered
S093,WH07,INV0710,2024-01-27 09:30:00,2024-01-27 09:35:00,delivered
S039,WH04,INV0711,2024-01-17 16:00:00,2024-01-17 17:01:00,delivered
S024,WH01,INV0712,2024-01-25 10:00:00,2024-01-25 10:11:00,delivered
S100,WH08,INV0713,2024-01-28 13:30:00,2024-01-28 13:32:00,scheduled
S097,WH08,INV0714,2024-01-30 09:00:00,2024-01-30 08:47:00,delivered
S086,WH07,INV0715,2024-01-23 11:00:00,2024-01-23 10:46:00,delivered
S051,WH04,INV0716,2024-01-27 16:00:00,2024-01-27 16:07:00,delivered
S077,WH05,INV0717,2024-01-28 14:30:00,2024-01-28 14:50:00,delivered
S041,WH01,INV0718,2024-02-01 10:00:00,2024-02-01 09:54:00,delivered
S063,WH05,INV0719,2024-01-31 11:00:00,2024-01-31 12:19:00,delivered
S078,WH05,INV0720,2024-01-25 14:00:00,2024-01-25 14:56:00,delivered
S044,WH01,INV0721,2024-01-17 12:30:00,2024-01-17 17:28:00,delayed
S028,WH03,INV0722,2024-01-22 08:30:00,2024-01-22 08:44:00,delivered
S028,WH01,INV0723,2024-01-18 15:00:00,2024-01-18 15:04:00,cancelled
S080,WH06,INV0724,2024-01-16 12:30:00,2024-01-16 13:27:00,delivered
S084,WH05,INV0725,2024-01-20 09:30:00,2024-01-20 11:33:00,delayed
S083,WH05,INV0726,2024-01-19 08:00:00,2024-01-19 08:15:00,delivered
S023,WH04,INV0727,2024-01-31 16:00:00,2024-01-31 16:10:00,cancelled
S090,WH07,INV0728,2024-01-20 13:30:00,2024-01-20 13:39:00,delivered
S069,WH05,INV0729,2024-01-18 08:00:00,2024-01-18 07:58:00,delivered
S069,WH05,INV0730,2024-01-31 09:00:00,2024-01-31 09:03:00,delivered
S081,WH05,INV0731,2024-01-17 15:30:00,2024-01-17 15:26:00,delivered
S062,WH05,INV0732,2024-01-30 10:30:00,2024-01-30 10:23:00,delivered
S050,WH01,INV0733,2024-01-18 09:30:00,2024-01-18 09:22:00,scheduled
S048,WH03,INV0734,2024-01-31 08:00:00,2024-01-31 10:11:00,delayed
S061,WH06,INV0735,2024-01-22 08:30:00,2024-01-22 08:30:00,cancelled
S072,WH05,INV0736,2024-01-27 10:00:00,2024-01-27 10:15:00,delivered
S055,WH03,INV0737,2024-01-16 14:30:00,2024-01-16 14:22:00,cancelled
S071,WH05,INV0738,2024-01-22 14:30:00,2024-01-22 16:10:00,delivered
S069,WH06,INV0739,2024-01-17 13:30:00,2024-01-17 13:22:00,in_progress
S033,WH03,INV0740,2024-01-16 10:30:00,2024-01-16 10:29:00,in_progress
S052,WH01,INV0741,2024-01-31 08:30:00,2024-01-31 08:40:00,in_progress
S005,WH01,INV0742,2024-01-29 12:30:00,2024-01-29 13:04:00,delivered
S021,WH02,INV0743,2024-01-17 15:00:00,2024-01-17 14:51:00,delivered
S070,WH05,INV0744,2024-02-02 12:30:00,2024-02-02 13:00:00,delivered
S030,WH03,INV0745,2024-01-26 15:30:00,2024-01-26 18:09:00,delivered
S013,WH02,INV0746,2024-02-01 11:30:00,2024-02-01 11:44:00,delivered
S027,WH01,INV0747,2024-01-15 11:30:00,2024-01-15 12:25:00,delivered
S083,WH05,INV0748,2024-01-15 13:00:00,2024-01-15 13:06:00,delivered
S025,WH03,INV0749,2024-01-24 09:30:00,2024-01-24 09:22:00,delivered
S092,WH07,INV0750,2024-01-30 08:30:00,2024-01-30 09:48:00,delivered
S046,WH03,INV0751,2024-01-23 09:00:00,2024-01-23 08:52:00,delivered
S058,WH02,INV0752,2024-01-31 14:30:00,2024-01-31 15:08:00,delivered
S030,WH03,INV0753,2024-01-17 09:30:00,2024-01-17 10:25:00,delivered
S053,WH04,INV0754,2024-01-27 09:00:00,2024-01-27 09:18:00,delivered
S074,WH06,INV0755,2024-01-19 11:30:00,2024-01-19 11:42:00,delivered
S071,WH05,INV0756,2024-01-27 13:00:00,2024-01-27 13:05:00,in_progress
S029,WH01,INV0757,2024-01-23 11:30:00,2024-01-23 13:49:00,delayed
S013,WH01,INV0758,2024-01-19 09:30:00,2024-01-19 09:20:00,delivered
S093,WH07,INV0759,2024-01-29 13:00:00,2024-01-29 13:02:00,delivered
S091,WH07,INV0760,2024-01-21 15:00:00,2024-01-21 14:53:00,delivered
S087,WH07,INV0761,2024-01-17 10:30:00,2024-01-17 12:08:00,delivered
S053,WH01,INV0762,2024-01-16 11:00:00,2024-01-16 12:41:00,delivered
S010,WH02,INV0763,2024-01-17 11:30:00,2024-01-17 13:20:00,delivered
S033,WH02,INV0764,2024-01-16 12:30:00,2024-01-16 12:20:00,delivered
S002,WH04,INV0765,2024-01-27 15:00:00,2024-01-27 15:20:00,in_progress
S084,WH05,INV0766,2024-02-01 11:30:00,2024-02-01 11:18:00,delivered
S052,WH02,INV0767,2024-01-19 09:30:00,2024-01-19 09:41:00,delivered
S050,WH01,INV0768,2024-01-22 10:00:00,2024-01-22 09:57:00,delivered
S072,WH05,INV0769,2024-01-17 12:00:00,2024-01-17 13:09:00,delivered
S002,WH04,INV0770,2024-01-17 11:00:00,2024-01-17 12:56:00,delivered
S052,WH01,INV0771,2024-01-19 09:00:00,2024-01-19 11:46:00,delivered
S052,WH02,INV0772,2024-01-25 09:30:00,2024-01-25 09:29:00,delivered
S004,WH03,INV0773,2024-01-20 14:30:00,2024-01-20 18:11:00,delayed
S032,WH04,INV0774,2024-01-15 14:00:00,2024-01-15 14:28:00,in_progress
S074,WH05,INV0775,2024-01-20 13:30:00,2024-01-20 13:20:00,delivered
S069,WH05,INV0776,2024-01-23 15:00:00,2024-01-23 17:38:00,delayed
S086,WH07,INV0777,2024-01-22 12:30:00,2024-01-22 12:46:00,in_progress
S027,WH02,INV0778,2024-02-01 15:30:00,2024-02-01 15:23:00,delivered
S025,WH03,INV0779,2024-01-19 14:30:00,2024-01-19 14:43:00,delivered
S094,WH07,INV0780,2024-01-22 08:00:00,2024-01-22 08:09:00,in_progress
S051,WH02,INV0781,2024-01-26 15:30:00,2024-01-26 16:16:00,delivered
S023,WH02,INV0782,2024-02-02 16:00:00,2024-02-02 16:05:00,in_progress
S025,WH03,INV0783,2024-01-23 10:30:00,2024-01-23 10:16:00,in_progress
S021,WH01,INV0784,2024-01-22 08:00:00,2024-01-22 10:39:00,delivered
S018,WH03,INV0785,2024-01-16 15:30:00,2024-01-16 16:22:00,delivered
S015,WH01,INV0786,2024-01-20 09:30:00,2024-01-20 09:22:00,delivered
S090,WH07,INV0787,2024-02-01 08:30:00,2024-02-01 08:59:00,delivered
S037,WH01,INV0788,2024-01-27 13:30:00,2024-01-27 16:18:00,delivered
S066,WH05,INV0789,2024-01-20 11:30:00,2024-01-20 12:29:00,delivered
S023,WH04,INV0790,2024-02-02 08:00:00,2024-02-02 08:37:00,delivered
S037,WH03,INV0791,2024-02-02 10:00:00,2024-02-02 10:27:00,delivered
S054,WH03,INV0792,2024-01-30 12:30:00,2024-01-30 12:16:00,delivered
S006,WH01,INV0793,2024-01-16 11:30:00,2024-01-16 11:34:00,scheduled
S015,WH03,INV0794,2024-01-15 16:00:00,2024-01-15 15:55:00,delivered
S080,WH05,INV0795,2024-01-21 10:00:00,2024-01-21 09:50:00,delivered
S098,WH08,INV0796,2024-01-16 08:00:00,2024-01-16 08:07:00,delivered
S059,WH01,INV0797,2024-01-19 09:30:00,2024-01-19 12:20:00,delivered
S024,WH04,INV0798,2024-01-17 13:30:00,2024-01-17 14:27:00,delivered
S026,WH01,INV0799,2024-02-02 09:30:00,2024-02-02 09:25:00,delivered
S088,WH07,INV0800,2024-01-20 14:30:00,2024-01-20 15:16:00,delivered
S042,WH02,INV0801,2024-01-25 10:30:00,2024-01-25 11:20:00,delivered
S045,WH02,INV0802,2024-01-26 11:30:00,2024-01-26 11:56:00,delivered
S025,WH04,INV0803,2024-01-24 12:30:00,2024-01-24 12:38:00,delivered
S061,WH06,INV0804,2024-02-02 14:00:00,2024-02-02 16:38:00,delivered
S037,WH04,INV0805,2024-01-16 10:30:00,2024-01-16 11:24:00,delivered
S068,WH05,INV0806,2024-02-02 09:30:00,2024-02-02 09:44:00,cancelled
S032,WH02,INV0807,2024-01-19 13:00:00,2024-01-19 13:30:00,delivered
S072,WH05,INV0808,2024-01-25 10:30:00,2024-01-25 10:50:00,delivered
S083,WH05,INV0809,2024-01-25 15:00:00,2024-01-25 14:45:00,scheduled
S069,WH05,INV0810,2024-01-21 11:30:00,2024-01-21 12:07:00,delivered
S017,WH01,INV0811,2024-01-18 08:00:00,2024-01-18 07:59:00,delivered
S099,WH08,INV0812,2024-01-20 14:30:00,2024-01-20 14:27:00,delivered
S072,WH05,INV0813,2024-02-01 14:00:00,2024-02-01 14:00:00,delivered
S051,WH04,INV0814,2024-02-02 11:30:00,2024-02-02 11:17:00,delivered
S052,WH03,INV0815,2024-01-16 12:30:00,2024-01-16 12:23:00,delivered
S007,WH02,INV0816,2024-01-17 13:00:00,2024-01-17 12:55:00,in_progress
S073,WH06,INV0817,2024-01-20 09:00:00,2024-01-20 09:20:00,delivered
S022,WH02,INV0818,2024-01-30 08:00:00,2024-01-30 07:58:00,cancelled
S042,WH01,INV0819,2024-01-20 14:30:00,2024-01-20 14:18:00,delivered
S091,WH07,INV0820,2024-01-21 11:00:00,2024-01-21 10:58:00,scheduled
S083,WH06,INV0821,2024-02-01 12:00:00,2024-02-01 12:34:00,delivered
S068,WH05,INV0822,2024-01-18 08:30:00,2024-01-18 08:32:00,delivered
S076,WH06,INV0823,2024-01-19 08:30:00,2024-01-19 08:28:00,delivered
S063,WH06,INV0824,2024-01-24 15:30:00,2024-01-24 15:15:00,delivered
S067,WH05,INV0825,2024-01-20 12:30:00,2024-01-20 12:20:00,in_progress
S031,WH02,INV0826,2024-01-18 12:30:00,2024-01-18 13:15:00,delivered
S032,WH02,INV0827,2024-01-23 09:00:00,2024-01-23 09:39:00,delivered
S088,WH07,INV0828,2024-01-26 14:00:00,2024-01-26 13:59:00,delivered
S003,WH02,INV0829,2024-01-23 15:00:00,2024-01-23 14:52:00,delivered
S054,WH03,INV0830,2024-01-23 08:30:00,2024-01-23 08:37:00,delivered
S043,WH04,INV0831,2024-01-18 09:00:00,2024-01-18 09:49:00,delivered
S027,WH03,INV0832,2024-02-02 11:30:00,2024-02-02 11:32:00,cancelled
S086,WH07,INV0833,2024-01-27 16:00:00,2024-01-27 15:58:00,scheduled
S094,WH07,INV0834,2024-01-30 11:30:00,2024-01-30 11:17:00,delivered
S073,WH06,INV0835,2024-01-16 16:00:00,2024-01-16 16:48:00,delivered
S095,WH07,INV0836,2024-01-19 09:30:00,2024-01-19 11:27:00,delivered
S066,WH06,INV0837,2024-01-20 11:00:00,2024-01-20 11:10:00,cancelled
S013,WH02,INV0838,2024-01-19 08:30:00,2024-01-19 08:42:00,in_progress
S006,WH03,INV0839,2024-01-28 11:00:00,2024-01-28 13:20:00,delivered
S065,WH05,INV0840,2024-01-23 13:00:00,2024-01-23 15:57:00,delivered
S096,WH08,INV0841,2024-01-17 14:00:00,2024-01-17 14:50:00,delivered
S071,WH06,INV0842,2024-01-23 16:00:00,2024-01-23 16:12:00,delivered
S086,WH07,INV0843,2024-02-02 16:00:00,2024-02-02 16:22:00,delivered
S027,WH03,INV0844,2024-01-19 10:00:00,2024-01-19 10:03:00,cancelled
S079,WH06,INV0845,2024-02-02 09:30:00,2024-02-02 11:42:00,delivered
S050,WH04,INV0846,2024-01-18 12:30:00,2024-01-18 15:22:00,delivered
S023,WH01,INV0847,2024-01-28 12:00:00,2024-01-28 12:00:00,delivered
S037,WH01,INV0848,2024-01-30 08:30:00,2024-01-30 08:27:00,delivered
S010,WH01,INV0849,2024-01-27 08:30:00,2024-01-27 08:43:00,delivered
S022,WH04,INV0850,2024-01-22 08:30:00,2024-01-22 12:31:00,delayed
S059,WH03,INV0851,2024-01-23 13:30:00,2024-01-23 15:35:00,delayed
S022,WH04,INV0852,2024-01-24 12:30:00,2024-01-24 12:30:00,delivered
S055,WH01,INV0853,2024-01-18 11:30:00,2024-01-18 11:38:00,delivered
S029,WH02,INV0854,2024-01-25 12:00:00,2024-01-25 12:53:00,delivered
S081,WH05,INV0855,2024-01-17 11:00:00,2024-01-17 11:14:00,delivered
S053,WH01,INV0856,2024-01-28 15:30:00,2024-01-28 16:08:00,delivered
S053,WH03,INV0857,2024-01-16 16:00:00,2024-01-16 15:55:00,in_progress
S096,WH08,INV0858,2024-01-24 16:00:00,2024-01-24 16:09:00,delivered
S077,WH05,INV0859,2024-02-02 08:00:00,2024-02-02 08:13:00,delivered
S054,WH02,INV0860,2024-01-21 08:30:00,2024-01-21 08:22:00,scheduled
S003,WH01,INV0861,2024-01-29 08:30:00,2024-01-29 11:00:00,delivered
S013,WH01,INV0862,2024-01-23 13:30:00,2024-01-23 15:34:00,delivered
S026,WH01,INV0863,2024-01-18 08:00:00,2024-01-18 08:00:00,delivered
S100,WH08,INV0864,2024-01-29 10:30:00,2024-01-29 12:30:00,delivered
S079,WH05,INV0865,2024-02-01 13:30:00,2024-02-01 13:37:00,in_progress
S066,WH05,INV0866,2024-01-23 09:00:00,2024-01-23 08:57:00,delivered
S004,WH03,INV0867,2024-01-20 11:00:00,2024-01-20 13:22:00,delivered
S089,WH07,INV0868,2024-01-21 12:00:00,2024-01-21 12:47:00,delivered
S002,WH01,INV0869,2024-01-15 15:30:00,2024-01-15 17:52:00,delivered
S012,WH03,INV0870,2024-01-15 11:30:00,2024-01-15 11:40:00,delivered
S070,WH05,INV0871,2024-01-23 14:30:00,2024-01-23 14:39:00,in_progress
S055,WH01,INV0872,2024-01-26 15:00:00,2024-01-26 15:01:00,in_progress
S014,WH03,INV0873,2024-01-29 12:30:00,2024-01-29 13:24:00,delivered
S026,WH02,INV0874,2024-02-02 09:30:00,2024-02-02 09:36:00,delivered
S054,WH01,INV0875,2024-01-26 12:30:00,2024-01-26 12:34:00,in_progress
S044,WH02,INV0876,2024-01-18 15:30:00,2024-01-18 15:23:00,delivered
S041,WH02,INV0877,2024-01-25 12:00:00,2024-01-25 12:07:00,delivered
S081,WH06,INV0878,2024-01-24 11:00:00,2024-01-24 13:38:00,delayed
S034,WH03,INV0879,2024-01-22 08:30:00,2024-01-22 13:03:00,delayed
S026,WH04,INV0880,2024-01-25 10:00:00,2024-01-25 10:56:00,delivered
S076,WH06,INV0881,2024-01-24 12:00:00,2024-01-24 13:51:00,delivered
S025,WH03,INV0882,2024-01-16 11:00:00,2024-01-16 11:07:00,delivered
S015,WH02,INV0883,2024-02-01 15:30:00,2024-02-01 17:55:00,delivered
S023,WH03,INV0884,2024-01-31 12:30:00,2024-01-31 15:17:00,delivered
S043,WH03,INV0885,2024-02-01 10:30:00,2024-02-01 10:30:00,delivered
S065,WH06,INV0886,2024-01-23 10:30:00,2024-01-23 13:25:00,delivered
S098,WH08,INV0887,2024-01-17 11:30:00,2024-01-17 11:26:00,cancelled
S015,WH02,INV0888,2024-01-24 14:30:00,2024-01-24 14:36:00,in_progress
S024,WH03,INV0889,2024-01-23 12:30:00,2024-01-23 12:18:00,delivered
S076,WH06,INV0890,2024-01-16 09:00:00,2024-01-16 08:51:00,delivered
S094,WH07,INV0891,2024-01-18 14:00:00,2024-01-18 14:41:00,delivered
S062,WH05,INV0892,2024-01-19 10:00:00,2024-01-19 11:43:00,delivered
S092,WH07,INV0893,2024-02-02 15:00:00,2024-02-02 15:12:00,delivered
S083,WH05,INV0894,2024-01-20 09:00:00,2024-01-20 09:05:00,delivered
S012,WH04,INV0895,2024-01-25 08:30:00,2024-01-25 08:23:00,delivered
S067,WH05,INV0896,2024-01-20 10:30:00,2024-01-20 10:39:00,delivered
S085,WH05,INV0897,2024-01-17 10:00:00,2024-01-17 10:55:00,delivered
S028,WH01,INV0898,2024-01-27 14:30:00,2024-01-27 16:19:00,delivered
S001,WH01,INV0899,2024-01-16 11:00:00,2024-01-16 11:15:00,delivered
S058,WH01,INV0900,2024-01-25 16:00:00,2024-01-25 16:06:00,delivered
S061,WH05,INV0901,2024-01-22 11:30:00,2024-01-22 16:27:00,delayed
S057,WH02,INV0902,2024-01-26 12:30:00,2024-01-26 12:27:00,delivered
S077,WH06,INV0903,2024-02-02 12:30:00,2024-02-02 12:41:00,delivered
S003,WH01,INV0904,2024-01-24 12:30:00,2024-01-24 12:31:00,delivered
S039,WH01,INV0905,2024-01-31 13:00:00,2024-01-31 13:06:00,delivered
S065,WH06,INV0906,2024-01-25 15:30:00,2024-01-25 15:21:00,delivered
S011,WH01,INV0907,2024-01-27 08:00:00,2024-01-27 08:08:00,delivered
S097,WH08,INV0908,2024-01-21 08:00:00,2024-01-21 08:25:00,delivered
S064,WH06,INV0909,2024-01-26 08:30:00,2024-01-26 08:35:00,delivered
S017,WH03,INV0910,2024-02-01 08:30:00,2024-02-01 08:48:00,delivered
S043,WH01,INV0911,2024-01-18 08:00:00,2024-01-18 07:48:00,delivered
S074,WH06,INV0912,2024-01-29 14:00:00,2024-01-29 13:53:00,delivered
S031,WH04,INV0913,2024-01-19 11:00:00,2024-01-19 11:55:00,delivered
S096,WH08,INV0914,2024-01-24 14:30:00,2024-01-24 15:27:00,delivered
S034,WH02,INV0915,2024-01-23 10:00:00,2024-01-23 10:11:00,in_progress
S064,WH05,INV0916,2024-01-31 09:30:00,2024-01-31 12:42:00,delayed
S064,WH05,INV0917,2024-01-18 15:30:00,2024-01-18 15:21:00,delivered
S085,WH05,INV0918,2024-01-23 16:00:00,2024-01-23 15:57:00,in_progress
S023,WH02,INV0919,2024-01-28 12:30:00,2024-01-28 12:32:00,delivered
S032,WH02,INV0920,2024-01-21 15:30:00,2024-01-21 15:25:00,cancelled
S016,WH03,INV0921,2024-01-15 08:00:00,2024-01-15 08:22:00,delivered
S079,WH05,INV0922,2024-01-30 10:00:00,2024-01-30 12:39:00,delivered
S033,WH02,INV0923,2024-01-17 09:30:00,2024-01-17 12:35:00,delayed
S042,WH01,INV0924,2024-01-22 15:00:00,2024-01-22 16:37:00,delivered
S069,WH05,INV0925,2024-01-29 08:30:00,2024-01-29 08:18:00,cancelled
S066,WH06,INV0926,2024-01-16 12:30:00,2024-01-16 12:36:00,delivered
S071,WH06,INV0927,2024-01-28 09:30:00,2024-01-28 09:18:00,cancelled
S055,WH02,INV0928,2024-01-16 08:00:00,2024-01-16 08:12:00,cancelled
S009,WH03,INV0929,2024-01-20 13:00:00,2024-01-20 13:07:00,in_progress
S075,WH05,INV0930,2024-01-23 09:00:00,2024-01-23 09:08:00,in_progress
S071,WH05,INV0931,2024-01-20 09:30:00,2024-01-20 09:40:00,in_progress
S026,WH04,INV0932,2024-01-29 12:00:00,2024-01-29 14:28:00,delivered
S093,WH07,INV0933,2024-01-28 10:30:00,2024-01-28 10:18:00,scheduled
S009,WH01,INV0934,2024-01-16 10:30:00,2024-01-16 10:44:00,delivered
S079,WH05,INV0935,2024-01-30 15:00:00,2024-01-30 14:57:00,delivered
S050,WH02,INV0936,2024-01-26 08:00:00,2024-01-26 08:28:00,in_progress
S084,WH06,INV0937,2024-01-19 15:30:00,2024-01-19 16:44:00,delivered
S057,WH04,INV0938,2024-01-28 15:00:00,2024-01-28 14:53:00,delivered
S042,WH04,INV0939,2024-01-25 08:00:00,2024-01-25 08:58:00,delivered
S034,WH04,INV0940,2024-02-02 11:30:00,2024-02-02 13:55:00,delivered
S091,WH07,INV0941,2024-01-31 16:00:00,2024-01-31 16:54:00,delivered
S064,WH06,INV0942,2024-01-28 11:30:00,2024-01-28 11:36:00,delivered
S044,WH03,INV0943,2024-01-27 10:00:00,2024-01-27 12:11:00,delivered
S058,WH02,INV0944,2024-01-16 08:00:00,2024-01-16 08:25:00,delivered
S100,WH08,INV0945,2024-01-30 15:30:00,2024-01-30 16:39:00,delivered
S049,WH03,INV0946,2024-01-30 13:00:00,2024-01-30 12:53:00,delivered
S004,WH02,INV0947,2024-01-31 11:30:00,2024-01-31 11:50:00,in_progress
S081,WH05,INV0948,2024-01-27 14:00:00,2024-01-27 15:10:00,delivered
S030,WH01,INV0949,2024-01-29 15:00:00,2024-01-29 15:00:00,delivered
S075,WH06,INV0950,2024-01-25 09:30:00,2024-01-25 12:05:00,delivered
S042,WH01,INV0951,2024-01-15 09:30:00,2024-01-15 09:16:00,delivered
S036,WH01,INV0952,2024-02-01 08:00:00,2024-02-01 07:50:00,in_progress
S051,WH02,INV0953,2024-01-24 16:00:00,2024-01-24 16:56:00,delivered
S043,WH02,INV0954,2024-01-29 13:00:00,2024-01-29 16:33:00,delayed
S053,WH01,INV0955,2024-01-16 11:30:00,2024-01-16 13:12:00,delivered
S094,WH07,INV0956,2024-01-30 13:30:00,2024-01-30 13:52:00,delivered
S007,WH02,INV0957,2024-01-22 08:00:00,2024-01-22 07:55:00,scheduled
S072,WH05,INV0958,2024-01-24 16:00:00,2024-01-24 15:48:00,delivered
S003,WH04,INV0959,2024-01-20 15:30:00,2024-01-20 15:19:00,cancelled
S053,WH03,INV0960,2024-01-28 09:30:00,2024-01-28 09:21:00,delivered
S013,WH01,INV0961,2024-01-18 14:00:00,2024-01-18 14:11:00,delivered
S051,WH02,INV0962,2024-01-21 13:00:00,2024-01-21 12:58:00,delivered
S003,WH01,INV0963,2024-02-02 09:30:00,2024-02-02 09:43:00,in_progress
S030,WH03,INV0964,2024-02-02 16:00:00,2024-02-02 16:00:00,delivered
S001,WH01,INV0965,2024-01-31 08:30:00,2024-01-31 09:12:00,delivered
S054,WH04,INV0966,2024-02-02 15:30:00,2024-02-02 18:09:00,delivered
S066,WH05,INV0967,2024-02-02 10:30:00,2024-02-02 10:53:00,delivered
S064,WH06,INV0968,2024-01-27 13:00:00,2024-01-27 13:39:00,delivered
S074,WH06,INV0969,2024-01-22 12:00:00,2024-01-22 11:55:00,delivered
S019,WH01,INV0970,2024-01-29 10:00:00,2024-01-29 10:04:00,delivered
S045,WH02,INV0971,2024-01-31 12:30:00,2024-01-31 14:40:00,delivered
S071,WH05,INV0972,2024-02-01 11:00:00,2024-02-01 10:57:00,in_progress
S014,WH04,INV0973,2024-01-24 13:30:00,2024-01-24 13:58:00,in_progress
S009,WH01,INV0974,2024-01-20 16:00:00,2024-01-20 16:55:00,delivered
S021,WH03,INV0975,2024-01-18 13:30:00,2024-01-18 14:22:00,delivered
S037,WH02,INV0976,2024-01-28 12:30:00,2024-01-28 14:24:00,delivered
S061,WH05,INV0977,2024-01-31 09:30:00,2024-01-31 09:19:00,delivered
S086,WH07,INV0978,2024-01-16 11:00:00,2024-01-16 10:53:00,scheduled
S049,WH03,INV0979,2024-01-20 12:30:00,2024-01-20 12:54:00,delivered
S062,WH06,INV0980,2024-01-24 11:00:00,2024-01-24 11:17:00,delivered
S023,WH03,INV0981,2024-01-29 09:30:00,2024-01-29 10:28:00,delivered
S048,WH03,INV0982,2024-02-01 11:30:00,2024-02-01 11:56:00,in_progress
S036,WH04,INV0983,2024-01-27 11:30:00,2024-01-27 12:29:00,delivered
S019,WH02,INV0984,2024-01-16 14:00:00,2024-01-16 14:15:00,delivered
S051,WH01,INV0985,2024-01-25 08:30:00,2024-01-25 08:23:00,delivered
S067,WH06,INV0986,2024-01-29 11:30:00,2024-01-29 14:00:00,delivered
S046,WH04,INV0987,2024-01-26 11:00:00,2024-01-26 11:27:00,delivered
S090,WH07,INV0988,2024-01-29 10:30:00,2024-01-29 11:39:00,delivered
S012,WH03,INV0989,2024-01-20 16:00:00,2024-01-20 15:46:00,delivered
S074,WH06,INV0990,2024-01-23 12:00:00,2024-01-23 11:49:00,cancelled
S066,WH06,INV0991,2024-02-02 12:00:00,2024-02-02 11:59:00,delivered
S046,WH03,INV0992,2024-01-19 08:30:00,2024-01-19 08:25:00,delivered
S039,WH01,INV0993,2024-01-16 12:30:00,2024-01-16 12:33:00,delivered
S036,WH03,INV0994,2024-01-26 09:00:00,2024-01-26 09:35:00,delivered
S077,WH05,INV0995,2024-01-22 10:30:00,2024-01-22 11:17:00,delivered
S011,WH01,INV0996,2024-01-28 14:00:00,2024-01-28 13:50:00,in_progress
S023,WH01,INV0997,2024-01-22 11:00:00,2024-01-22 11:36:00,delivered
S072,WH05,INV0998,2024-01-24 11:00:00,2024-01-24 11:24:00,in_progress
S034,WH01,INV0999,2024-01-30 08:00:00,2024-01-30 10:29:00,delayed
S043,WH02,INV1000,2024-01-26 15:00:00,2024-01-26 15:05:00,delivered
